plot_year,reference_debt_pct,reference_inflation_pct,persistent_debt_pct,persistent_inflation_pct,faster_fading_debt_pct,faster_fading_inflation_pct
2026.875,99.6245299253854,2.374108660242924,99.65249206201814,2.374108660242924,99.65249206201814,2.374108660242924
2027.125,100.07205872909626,2.3296209984862815,100.41173734489736,2.3296209984862815,100.41173734489736,2.3296209984862815
2027.375,100.5295140296016,2.2616048740021766,101.36211280434686,2.2616048740021766,101.36211280434686,2.2616048740021766
2027.625,100.98164582480543,2.2248000239960097,102.26543906450156,2.225851542461697,102.26543906450156,2.225851542461697
2027.875,101.49697476547632,2.1945305341696475,103.23276352047375,2.1904805572692374,103.23278427042699,2.1903964357919823
2028.125,102.01587382509803,2.16767083117837,104.22238187828938,2.157875745553119,104.22233539908692,2.1581240343756227
2028.375,102.55712068513824,2.150065998978512,105.27495345363242,2.1365859911845244,105.274675862102,2.137593057974798
2028.625,103.12370843415279,2.106182624872388,106.39444942722005,2.092155365371205,106.39369973810831,2.0941401226896437
2028.875,103.56390861565295,2.077581023357755,107.42739695601648,2.0660862605563026,107.42598746737801,2.0689942763800744
2029.125,104.00438850371809,2.052282513094039,108.49268599207058,2.046311072985675,108.49056380066699,2.0498494448693223
2029.375,104.45373025833884,2.0418069374665837,109.24696334529958,2.0442590776435803,109.24425370859771,2.0479265927036723
2029.625,104.89959808898138,2.0285549943514614,110.20395663970281,2.0422136611193387,110.20093889352505,2.045326205396142
2029.875,105.38122684964644,2.0183196343088072,111.31967391624895,2.0635857016437895,111.31679197533526,2.0653016451463797
2030.125,105.86137279394099,2.008187040489151,112.50337096562839,2.0947643668189837,112.50162031073043,2.092690359057469
2030.375,106.34824185490557,1.995316485744958,113.73332863599978,2.1273239999007805,113.73429565072976,2.1185265687698314
2030.625,106.8352948164359,1.9938881222312688,114.99303256132458,2.1730672942439075,114.9989920993437,2.154574912501713
2030.875,107.29903358059727,1.9839987430776862,116.255747803634,2.211478981291523,116.26942551500063,2.180477507216653
2031.125,107.76142845022507,1.9825983901398558,117.53367185356515,2.2595147652523977,117.5581079279142,2.2133742420599134
2031.375,108.226210253853,1.9811706497828263,118.84322774720344,2.3088416472853153,118.88166117742243,2.245099282731725
2031.625,108.69410993775001,1.9797160110517797,120.17759746555076,2.359584152891277,120.23354536986521,2.2759198018526625
2031.875,109.18024696213642,1.9727225080271582,121.55495827124024,2.4059110121055722,121.63219911926302,2.3001311007382723
2032.125,109.66643352945691,1.968526656714742,122.95241187117998,2.456149162203424,123.0550621307396,2.3262027370541425
2032.375,110.1522726863776,1.9670742729964719,124.37397849357748,2.510194920751393,124.50640453528014,2.354161549009667
2032.625,110.63473678413438,1.971028327301072,125.81205373850256,2.5707894369875492,125.97896143609333,2.386868497167729
2032.875,111.24100904461487,1.9775810181523301,127.39733358052503,2.6351048385000726,127.6036225347964,2.421596393038347
2033.125,111.84384673705607,1.9759214646802636,129.02672394319478,2.6924236053141235,129.27685453012424,2.447716651471523
2033.375,112.44427728800859,1.974238719039123,130.6832243440727,2.7509131467726635,130.98237679538525,2.473468992299663
2033.625,113.04229073953125,1.9698696995388953,132.373186449994,2.8079573030978406,132.72657751775054,2.4963011881401136
2033.875,113.5839951988789,1.9681678339410258,134.05364672192027,2.8699079175966933,134.4663570891852,2.5225865478456213
2034.125,114.12956114037247,1.9664438509282567,135.75668067564018,2.93466604675264,136.2339459970008,2.550172436040154
2034.375,114.66822314623337,1.9646981729401825,137.50213883659086,3.002417127255619,138.04915550204834,2.5791566172223006
2034.625,115.20095511869108,1.968155262857385,139.27461656681953,3.0785233840065525,139.89693299500206,2.614806436076274
2034.875,115.64370894942424,1.968916041410429,140.98930719424794,3.1540086521645443,141.6924182229718,2.6480488797579085
2035.125,116.0831183022299,1.9722056747187633,142.72231977901077,3.233765604893445,143.5126151311004,2.683764963159073
2035.375,116.52025373941784,1.972826196496369,144.4838419477287,3.3124806962718445,145.36683874852298,2.716659689464239
2035.625,116.95493535626886,1.973390522034224,146.26664651736255,3.392892559190127,147.24864835939022,2.7494916805573464
2035.875,117.50302214987325,1.9764486694536787,148.1895673954757,3.477459684013642,149.27697825940837,2.7847577866882056
2036.125,118.0487862747917,1.9743412449576114,150.1342137174459,3.5586409049011074,151.33447427462954,2.814934727056601
2036.375,118.59116115939372,1.9772661061247865,152.10462160877938,3.646640274520051,153.4244372649958,2.8502364657484183
2036.625,119.13144103087099,1.977588746711989,154.09541227111788,3.7338679280329865,155.5424709850409,2.8830797091782476
2036.875,119.70940642333909,1.980359078796723,156.1045350713242,3.8253482959757887,157.68680255706556,2.9185143619604546
2037.125,120.31064303908528,1.893970235169573,157.74574809210324,3.8296203630500893,159.4682834414576,2.865079156634708
2037.375,120.90798430535936,1.893970235169662,159.8042725194561,3.9222276336387334,161.68561672203953,2.89831052649735
2037.625,121.50187588695889,1.893970235169573,161.63793029245593,4.01518530297161,163.68164087417617,2.9301911113664536
2037.875,122.11134195216806,1.893970235169573,163.34773462754356,4.091858571611484,165.55961453457547,2.9440319969553173
2038.125,122.66764526025756,2.0613213981166334,164.9116795279863,4.32754324416629,167.2982066980952,3.116705570993924
2038.375,123.22052990363808,2.0613213981166334,166.4278178084524,4.3919059756980845,168.99533300463366,3.11859903044296
2038.625,123.76946396648943,2.0613213981166334,167.90971849537212,4.454227396662979,170.6649753666943,3.119254763553575
2038.875,124.3262812499939,2.061321398116722,169.37349747410332,4.51513319359977,172.32333677570983,3.1194143185727925
2039.125,124.90637606586257,1.9937887724799763,170.84415848127287,4.5071942171764166,173.99564782706412,3.0516634644327896
2039.375,125.48332109980365,1.9937887724799763,172.28571542352395,4.565461528256439,175.6444862585405,3.051044642378524
2039.625,126.05659415141857,1.9937887724799763,173.69815035762502,4.622408615516717,177.26955243267787,3.0500320242837247
2039.875,126.63353062400158,1.9937887724799763,175.09016930874077,4.67808233563131,178.879447341821,3.0486587916452628
2040.125,127.20226229546978,1.9702581226739069,176.4400478042439,4.708988945208035,180.44577978550632,3.0234005668508384
2040.375,127.76581745415628,1.9702581226739069,177.76154000460488,4.762222138217676,181.9880167364463,3.021317688812278
2040.625,128.32669867363106,1.9702581226739069,179.05405225054466,4.814313353334077,183.50208474921718,3.018927358730998
2040.875,128.90125985157363,1.9702581226739069,180.3324937771815,4.865029661907731,185.00049368883342,3.015765099526008
2041.125,129.4437884486441,2.105209487726678,181.54158377180644,5.049235794290161,186.42481443220063,3.14659546107081
2041.375,129.9848796689493,2.105209487726678,182.7207145572968,5.097011877583835,187.81330504237317,3.1414725171737414
2041.625,130.52288558377273,2.105209487726767,183.8694500327005,5.143329225109281,189.16735390264438,3.135377171264949
2041.875,131.0878266907657,2.105209487726678,185.01694564280967,5.188248871765488,190.51356475767892,3.1284147870457533
2042.125,131.72894016772233,1.8695469559396827,186.24689515621242,4.996113032360698,191.94355880162476,2.8849044573710123
2042.375,132.3672009681304,1.8695469559395939,187.44376458924157,5.0382532349383276,193.33188917811083,2.8761982466353047
2042.625,133.00258269298448,1.8695469559397715,188.6119029525088,5.078974433410758,194.6857552950602,2.866596386183695
2042.875,133.65147443870052,1.8695469559396827,189.76822159365744,5.118448810495125,196.02024289470413,2.856348341468093
2043.125,134.2153924127499,2.1251542965382564,190.78792955990775,5.412325694935913,197.20643573756305,3.1010799120471595
2043.375,134.77439916366586,2.1251542965382564,191.77748324251732,5.449410732128154,198.3516092450798,3.089611807669751
2043.625,135.3295080727209,2.1251542965382564,192.74115028250478,5.48530663028231,199.46378050787,3.0775519231093065
2043.875,135.90498146236664,2.1251542965381676,193.70235434036672,5.520097885409492,200.56443172373898,3.0650982350650264
2044.125,136.55452969062978,1.9083305138657858,194.77700195138888,5.336977704397348,201.78087166232902,2.835438041959935
2044.375,137.2029845774727,1.9083305138657858,195.819446762109,5.369613900532519,202.9542839250848,2.8222571877680878
2044.625,137.8480622842841,1.9083305138657858,196.84873265436462,5.401156452986168,204.1076331244539,2.8086793726284913
2044.875,138.51108729453742,1.908330513865697,197.89419122379277,5.432792934533555,205.26958921292228,2.796005742225756
2045.125,139.1400704867071,2.0597325915870046,198.89895611653122,5.61638497409508,206.3833160236321,2.9360279558953635
2045.375,139.7626376700802,2.0597325915870046,199.8995325558629,5.649286345707477,207.4850197862002,2.9260018957941543
2045.625,140.38145853129686,2.0597325915870046,200.90094908626602,5.68287452281659,208.582976617619,2.9171552326563277
2045.875,141.0156992310618,2.0597325915870046,201.91955634748155,5.717104336771968,209.69171335557579,2.9093833283373147
2046.125,141.67796826447298,1.989152606750877,202.98142191626462,5.681342965573995,210.84020298867833,2.8319283902427554
2046.375,142.34038222828613,1.989152606750788,204.04638536111,5.7167454846281816,211.9858777489352,2.8258748877820095
2046.625,142.9996197289116,1.9891526067509657,205.10970310740802,5.752686940817027,213.12548117922927,2.8205083223679055
2046.875,143.6792622942885,1.989152606750877,206.19433672182979,5.789162054727328,214.2797426973996,2.815708239375586
2047.125,144.36945535124403,1.9676561505418855,207.30277854562345,5.804655738830262,215.44856827672666,2.789845243106256
2047.375,145.0538657881904,1.9676561505418855,208.40229140961753,5.842155132966261,216.6028381281303,2.7858676325374687
2047.625,145.7350382752568,1.9676561505418855,209.500341291516,5.880157063847379,217.74902902474764,2.782235753134737
2047.875,146.4338938012222,1.9676561505418855,210.6214538853735,5.918927430879321,218.90890235344486,2.7790285196788953
2048.125,147.09592688040095,2.077970179797095,211.6991936232742,6.068916834194743,220.01218518689342,2.8865557358186162
2048.375,147.75636314111838,2.077970179797095,212.78419733181465,6.1095212064621025,221.11196387100142,2.884155901396048
2048.625,148.413232998909,2.077970179796984,213.87096678918795,6.15105233926111,222.20421501642556,2.882096956098781
2048.875,149.0930018257007,2.077970179797184,214.9865897481071,6.193484770769151,223.3155433142348,2.88032195310554
2049.125,149.82359032111566,1.9473428238653945,216.18027984140448,6.106219292391127,224.5009736381233,2.7481757172744645
2049.375,150.54921773147464,1.9473428238653945,217.37301187683258,6.1505128232385315,225.67581169655023,2.746882772502579
2049.625,151.27178150931258,1.9473428238653945,218.56724353499985,6.195733409828058,226.8437783361029,2.745789061869363
2049.875,152.01071469207935,1.9473428238653057,219.78300456558281,6.241916246494558,228.02468382018165,2.744912359277926
2050.125,152.72274809993652,2.0390207990024445,220.9685325475298,6.380785027132677,229.164312228267,2.8359279268918054
2050.375,153.4332578905127,2.0390207990024445,222.16027552096708,6.428999862274988,230.30016784108517,2.835468713112131
2050.625,154.140868562569,2.0390207990024445,223.35366175652663,6.478233950541201,231.42998844518434,2.83519792933236
2050.875,154.87125589010662,2.0390207990024445,224.57535377645064,6.528457975064568,232.58020719190955,2.8351069053030096
2051.125,155.648221458978,1.921496163380243,225.86811560987684,6.462166111618066,233.79881963100303,2.717662179529957
2051.375,156.42311013361638,1.921496163380243,227.16344221618846,6.51440543452248,235.01220555588355,2.7178943232274815
2051.625,157.1954259619238,1.921496163380243,228.45925974600806,6.567665664113803,236.2208032260825,2.718275043162898
2051.875,157.9940096900604,1.921496163380243,229.78731138753932,6.622005874684611,237.4533519476187,2.71882593728596
2052.125,158.73482269895175,2.077600545857061,231.04075916495032,6.833601827186368,238.59940244858683,2.875650145436292
2052.375,159.4712543650402,2.077600545857061,232.29707866227497,6.890252089601762,239.73905779310516,2.8765396863362387
2052.625,160.2041659604006,2.077600545857061,233.55393952386714,6.94808979460521,240.8736184186214,2.8775889724820995
2052.875,160.94761863868504,2.077600545857061,234.82765612960748,7.007074745220374,242.01703911379605,2.878774712882952
2053.125,161.7226036405996,1.992533565251664,236.1519976173186,6.982182833492214,243.2077603819315,2.7950158461743118
2053.375,162.4949413081375,1.992533565251664,237.47982377732308,7.043544789200122,244.39427911990467,2.7964365472976613
2053.625,163.2639194237955,1.992533565251664,238.807603304348,7.106119458568173,245.57570353244955,2.7979605837158203
2053.875,164.05582344289482,1.992533565251664,240.1651960451916,7.169959674705309,246.7785939469997,2.799593717338277
2054.125,164.85285464562952,1.979116344579368,241.53928107252233,7.221731710863743,247.98965832236513,2.7879174335153714
2054.375,165.6468956784749,1.979116344579479,242.91668694355928,7.288278169905264,249.19654177203415,2.7897586426374605
2054.625,166.4374925134481,1.9791163445792792,244.29547265818076,7.356218052629648,250.39852648603093,2.7916920422668743
2054.875,167.24932254956434,1.979116344579368,245.7044824221199,7.425668945824963,251.62050261173752,2.7937187791020226
2055.125,168.0510269625558,1.9945074784910366,247.10896004066677,7.512140941569625,252.8281617607784,2.811229782203287
2055.375,168.84750950807364,1.9945074784910366,248.5172063973097,7.58488077237547,254.0285731342513,2.8134373238234365
2055.625,169.64036129576158,1.9945074784911254,249.9287404679712,7.659325299666604,255.2241395003553,2.815725374811149
2055.875,170.4494031582467,1.9945074784910366,251.36672290643892,7.73550911573142,256.434877684294,2.818092994490883
2056.125,171.2270851709447,2.058758735569799,252.77141900782968,7.877773904909432,257.59943848653114,2.88479059095983
2056.375,172.00270326883972,2.058758735569799,254.18688822269826,7.957636673459579,258.76213922681353,2.8873090590375883
2056.625,172.77454837677658,2.05875873556971,255.60742902734225,8.03938969812712,259.9205450225293,2.8898912663319596
