quarter,quarter_end,calendar_year,calendar_quarter,fiscal_year,nominal_gdp_billions_saar,real_gdp_billions_chained_saar,annual_real_gdp_growth_rate,annual_inflation_rate,annual_tips_reference_inflation_rate,primary_deficit_billions,marketable_interest_excluding_tips_inflation_billions,bills_interest_cost_billions,notes_interest_cost_billions,bonds_interest_cost_billions,tips_real_interest_cost_billions,frns_interest_cost_billions,other_public_debt_interest_billions,tips_inflation_compensation_billions,tips_deflation_floor_cost_billions,modeled_debt_interest_cost_billions,modeled_total_deficit_billions,other_financing_adjustment_billions,treasury_debt_management_adjustment_billions,beginning_debt_held_by_public_billions,debt_held_by_public_billions,debt_held_by_public_gdp_ratio,primary_deficit_gdp_ratio_annualized,modeled_interest_gdp_ratio_annualized,modeled_total_deficit_gdp_ratio_annualized,marketable_debt_billions,other_public_debt_billions,bills_outstanding_billions,notes_outstanding_billions,bonds_outstanding_billions,nominal_fixed_rate_debt_outstanding_billions,tips_outstanding_billions,frns_outstanding_billions,bill_share_of_marketable_debt,weighted_average_remaining_maturity_quarters,principal_maturing_next_four_quarters_billions,principal_maturing_next_eight_quarters_billions,share_marketable_debt_maturing_next_four_quarters,share_marketable_debt_maturing_next_eight_quarters,principal_maturing_billions,principal_refinanced_billions,treasury_buyback_operation_count,treasury_buyback_cash_limit_billions,treasury_buyback_face_value_limit_billions,treasury_buyback_cash_spent_billions,treasury_buyback_face_value_retired_billions,treasury_buyback_premium_or_discount_billions,treasury_buyback_unfilled_cash_limit_billions,treasury_buyback_unfilled_face_value_limit_billions,treasury_buyback_weighted_price_per_dollar_face,treasury_buyback_notes_retired_billions,treasury_buyback_bonds_retired_billions,treasury_buyback_financing_issuance_billions,treasury_buyback_financing_instrument,frn_principal_reset_billions,principal_repriced_or_reset_billions,net_new_borrowing_requirement_billions,genuinely_new_borrowing_billions,debt_repayment_billions,gross_treasury_issuance_billions,new_borrowing_bill_share,new_borrowing_note_share,new_borrowing_bond_share,new_borrowing_tips_share,new_borrowing_frn_share,average_effective_marketable_rate_excluding_tips_inflation,average_effective_debt_cost_rate_including_tips_inflation,average_new_issuance_stated_rate,share_marketable_debt_repriced_since_scenario_start,cumulative_modeled_interest_billions,debt_identity_residual_billions,scenario
2026Q4,2026-12-31,2026,4,2027,32494.749328920883,24334.483486635447,-0.02,0.02374108660242924,0.02771554138299126,194.872,262.77373580186674,55.91196830625741,138.7066086465815,45.90202768161394,6.830451248587104,15.422679918826764,4.968063415379199,15.669722733652822,0.0,283.41152195089876,478.2835219508988,5.538,0.0,32215.665354410852,32699.486876361752,1.0063006347692809,0.023988121653434096,0.03488705440772952,0.05887517606116361,32116.722839367125,582.7640369946275,6900.719597135018,16599.998264328406,5537.634784657662,22137.633048986067,2333.4554051875534,744.9147880584759,0.21486375280719644,24.389899668742217,10389.974586384971,13385.224783509682,0.3235066864807714,0.416768075947734,7665.516018009889,7665.51601800989,0,0.0,0.0,0.0,0.0,0.0,0.0,0.0,0.0,0.0,0.0,0.0,none,734.0288243174178,8399.544842327308,468.151799217246,468.151799217246,0.0,8133.667817227136,0.2154110468670722,0.5181811771623273,0.1728613500867164,0.0702933619006643,0.0232530639832198,0.04609959276180814,0.03518928059787473,0.08383483966658266,0.2734150701709626,283.41152195089876,0.0,no_fiscal_response
2027Q1,2027-03-31,2027,1,2027,32517.71732280901,24211.887731116716,-0.02,0.023296209984862815,0.026152401325720165,194.872,370.1700505911899,142.81039206270918,155.50621409485328,47.832561402724565,8.418975029950598,15.601908000952285,4.968063415379199,15.10898639416756,0.0,390.2471004007367,585.1191004007367,5.538,0.0,32699.486876361752,33290.14397676248,1.0237540244994894,0.02397117830448822,0.04800424292107422,0.07197542122556243,32707.37993976786,582.7640369946275,7024.699018895542,16898.236463557885,5637.124808684701,22535.361272242586,2389.0216034508285,758.2980451788922,0.21477412840257606,24.52427012331927,10399.249675416351,13227.409126301465,0.3179481112387188,0.4044166530813641,7820.433550822089,7820.43355082209,0,0.0,0.0,0.0,0.0,0.0,0.0,0.0,0.0,0.0,0.0,0.0,none,744.9147880584759,8565.348338880565,575.5481140065692,575.5481140065692,0.0,8395.98166482866,0.2154110468670722,0.5181811771623273,0.1728613500867164,0.0702933619006643,0.0232530639832198,0.04834168757309773,0.04773739745535198,0.08374712192371968,0.3114431881838891,673.6586223516355,-7.275957614183426e-12,no_fiscal_response
2027Q2,2027-06-30,2027,2,2027,32535.292940369363,24089.909606100784,-0.02,0.022616048740021766,0.02507028033791192,194.872,395.32328562167703,145.13028173038174,173.8470840941636,50.18875277293736,10.297711636625886,15.859455387568357,4.968063415379199,14.834614291626274,0.0,415.12596332868253,609.9979633286825,5.538,0.0,33290.14397676248,33905.67994009117,1.042120014171486,0.023958229035424532,0.05103700330462981,0.07499523234005434,33322.915903096546,582.7640369946275,7154.096725346078,17209.50859572491,5740.962854878158,22950.47145060307,2446.0815350645357,772.2661920828573,0.21468999730246535,24.60515694854736,10443.072487729813,13086.637169371503,0.31339011622207363,0.39272184965528245,7926.909522083838,7926.909522083837,0,0.0,0.0,0.0,0.0,0.0,0.0,0.0,0.0,0.0,0.0,0.0,none,758.2980451788922,8685.207567262729,600.7013490370563,600.7013490370563,0.0,8527.610871120893,0.2154110468670722,0.5181811771623273,0.1728613500867164,0.0702933619006643,0.0232530639832198,0.050517801842078006,0.04987974382068793,0.0837547021761706,0.3481871603542527,1088.784585680318,0.0,no_fiscal_response
2027Q3,2027-09-30,2027,3,2027,32549.94864533719,23968.546000000006,-0.02,0.022248000239960097,0.024382592342289344,194.872,420.90213948143173,147.5890154438896,192.72536974768812,52.5894884009301,11.879668641530317,16.118597247393637,4.968063415379199,14.776026093081922,0.0,440.64622898989285,635.5182289898928,5.538,0.0,33905.67994009117,34546.736169081065,1.0613453356102274,0.023947441776122815,0.05415015965661326,0.07809760143273607,33963.972132086434,582.7640369946275,7289.004399484202,17534.035208495443,5849.222496283483,23383.257704778927,2504.8809021110633,786.8291257122407,0.21460989224514573,24.71815207985729,10426.018560899307,12884.956837322397,0.3069728864560468,0.37937131697118914,8091.143309867532,8091.143309867531,0,0.0,0.0,0.0,0.0,0.0,0.0,0.0,0.0,0.0,0.0,0.0,none,772.2661920828573,8863.409501950387,626.280202896811,626.280202896811,0.0,8717.423512764342,0.2154110468670722,0.5181811771623273,0.1728613500867164,0.0702933619006643,0.0232530639832198,0.052751478619923575,0.05198494526798839,0.08371227776251552,0.38510409986146427,1529.430814670211,0.0,no_fiscal_response
2027Q4,2027-12-31,2027,4,2028,32727.07720050504,23968.546000000006,0.0,0.021945305341696475,0.024162847358085493,215.4585,447.9770905266481,150.18993565137197,212.72345057038578,55.16176617923632,13.508353291439573,16.393584834214533,5.137064986107641,14.996059284267206,0.0,468.110214797023,683.568714797023,2.14175,0.0,34546.736169081065,35232.44663387809,1.0765534122715483,0.026333973997124935,0.05721381251727535,0.08354778651440029,34649.68259688346,582.7640369946275,7433.48369172453,17881.58678868377,5965.163093943028,23846.7498826268,2567.023731834027,802.4252906980962,0.21453251904804257,24.673518017902758,10435.005812470443,12867.082813526165,0.3011573275828221,0.3713477829861416,8022.48153738188,8022.48153738188,0,0.0,0.0,0.0,0.0,0.0,0.0,0.0,0.0,0.0,0.0,0.0,none,786.8291257122407,8809.31066309412,670.7144055127557,670.7144055127557,0.0,8693.195942894636,0.2154110468670722,0.5181811771623273,0.1728613500867164,0.0702933619006643,0.0232530639832198,0.05458754633131724,0.05420022458920172,0.08346877322722825,0.41551256317749463,1997.541029467234,0.0,no_fiscal_response
2028Q1,2028-03-31,2028,1,2028,32903.007321605444,23968.546000000006,0.0,0.0216767083117837,0.023850744937782276,215.4585,472.9322887597373,153.01826179414945,230.1945377928837,58.03091127043561,14.986095476387613,16.702482425880866,5.137064986107641,15.171330566627459,0.0,493.24068431247235,708.6991843124723,2.14175,0.0,35232.44663387809,35943.28756819056,1.0924012877263272,0.026193168046195123,0.05996299116264556,0.08615615920884068,35360.52353119593,582.7640369946275,7583.338609341024,18242.069682868845,6085.417480860826,24327.48716372967,2631.0960176200533,818.6017405051794,0.21445775831488506,24.65283259406407,10417.482561687226,12803.257588723132,0.294607701509189,0.36207771577329106,8238.952199457772,8238.952199457772,0,0.0,0.0,0.0,0.0,0.0,0.0,0.0,0.0,0.0,0.0,0.0,none,802.4252906980962,9041.377490155868,695.6696037458448,695.6696037458448,0.0,8934.621803203616,0.2154110468670722,0.5181811771623273,0.1728613500867164,0.0702933619006643,0.0232530639832198,0.056494803453966035,0.055998459537941046,0.08338325426793425,0.4470109931586839,2490.7817137797065,-7.275957614183426e-12,no_fiscal_response
2028Q2,2028-06-30,2028,2,2028,33078.45806907888,23968.546000000006,0.0,0.02150065998978512,0.023590801926968608,215.4585,499.5061216761336,155.95135850109816,248.67473069587598,60.823819406601466,17.0313433744015,17.024869698156447,5.137064986107641,15.381999625291852,0.0,520.0251862875331,735.483686287533,2.14175,0.0,35943.28756819056,36680.91300447809,1.1089063742897594,0.026054237419416662,0.06288384847946016,0.0889380858988768,36098.14896748346,582.7640369946275,7738.9178241253085,18616.32263707625,6210.265456413531,24826.58809348978,2697.2469365190236,835.3961133493469,0.21438544760553738,24.630444567578948,10388.585332181938,12788.184361812735,0.2877872032036818,0.35426149892982306,8400.526250303397,8400.526250303397,0,0.0,0.0,0.0,0.0,0.0,0.0,0.0,0.0,0.0,0.0,0.0,none,818.6017405051794,9219.127990808576,722.2434366622412,722.2434366622412,0.0,9122.76968696564,0.2154110468670722,0.5181811771623273,0.1728613500867164,0.0702933619006643,0.0232530639832198,0.058343454692066574,0.05787174423607818,0.08333390834604508,0.4778886523206932,3010.8069000672394,0.0,no_fiscal_response
2028Q3,2028-09-30,2028,3,2028,33251.27226160394,23968.546000000006,0.0,0.02106182624872388,0.023346411992499982,215.4585,526.6187050010525,159.01541399121461,267.6453101405641,63.72653483820185,18.869826305389015,17.361619725682807,5.137064986107641,15.606780611821467,0.0,547.3625505989816,762.8210505989815,2.14175,0.0,36680.91300447809,37445.87580507707,1.1261486631390265,0.025918827803626053,0.06584560690401427,0.09176443470764031,36863.111768082446,582.7640369946275,7900.337388866886,19004.624821626872,6339.800149724121,25344.424971350993,2765.5284710362434,852.8209368283193,0.21431553143344,24.580214529833956,10365.430078275222,12812.135923802063,0.28118706156678897,0.3475598046200571,8523.637098463598,8523.637098463598,0,0.0,0.0,0.0,0.0,0.0,0.0,0.0,0.0,0.0,0.0,0.0,none,835.3961133493469,9359.033211812945,749.35601998716,749.35601998716,0.0,9272.993118450759,0.2154110468670722,0.5181811771623273,0.1728613500867164,0.0702933619006643,0.0232530639832198,0.06010149629126543,0.059689086859114796,0.08334083267083622,0.5070301345345619,3558.169450666221,-7.275957614183426e-12,no_fiscal_response
2028Q4,2028-12-31,2028,4,2029,33567.27804848896,24072.26500958159,0.01742186418178404,0.020775810233577552,0.02309377715644856,173.80475,553.988726194189,162.21367743690934,286.59483450091807,66.85005478322783,20.617068615209455,17.713090857924193,5.268186894431433,15.830184595065484,0.0,575.0870976836859,748.8918476836859,-2.42575,0.0,37445.87580507707,38192.34190276076,1.1377848941934092,0.020711211644737323,0.06852948837292736,0.08924070001766467,37609.57786576613,582.7640369946275,8057.7244357839845,19383.226599148205,6466.098860082461,25849.325459230666,2832.71751028767,869.8104604638072,0.2142466066634179,24.371818341277233,10496.006789426774,12739.021564232473,0.27907802706237483,0.338717483341606,8497.898389356065,8497.898389356065,0,0.0,0.0,0.0,0.0,0.0,0.0,0.0,0.0,0.0,0.0,0.0,none,852.8209368283193,9350.719326184384,730.6359130886204,730.6359130886204,0.0,9228.534302444685,0.2154110468670722,0.5181811771623273,0.1728613500867164,0.0702933619006643,0.0232530639832198,0.06146337849396614,0.06143128826013071,0.08308291358251661,0.5298238246294465,4133.2565483499075,7.275957614183426e-12,no_fiscal_response
2029Q1,2029-03-31,2029,1,2029,33886.340980372326,24177.969524360276,0.017680562926939647,0.020522825130940392,0.02297286568423096,173.80475,578.017590020644,165.34450542228737,302.5465573271736,69.90091586195312,22.170520776152063,18.05509063307746,5.268186894431433,16.130604933886623,0.0,599.416381848962,773.221131848962,-2.42575,0.0,38192.34190276076,38963.13728460972,1.1498183680314726,0.020516201510298364,0.07075610579450363,0.09127230730480199,38380.37324761509,582.7640369946275,8220.287565412966,19774.279681613003,6596.551232282892,26370.830913895894,2901.8960394989326,887.3587288072958,0.21417945866182436,24.19568172020491,10611.847201024373,12727.807050044281,0.2764915060247305,0.3316228054357228,8695.970981528808,8695.970981528808,0,0.0,0.0,0.0,0.0,0.0,0.0,0.0,0.0,0.0,0.0,0.0,none,869.8104604638072,9565.781441992614,754.6647769150754,754.6647769150754,0.0,9450.635758443883,0.2154110468670722,0.5181811771623273,0.1728613500867164,0.0702933619006643,0.0232530639832198,0.06282365452972132,0.06277869876375744,0.08300931783622405,0.5529126810882604,4732.67293019887,0.0,no_fiscal_response
2029Q2,2029-06-30,2029,2,2029,34205.573087708595,24282.728560473675,0.01744428695602207,0.020418069374665837,0.022841686194156274,173.80475,602.9240918868302,168.57754724770624,318.6651012306089,73.05472931974312,24.2184572596648,18.40825682910735,5.268186894431433,16.430970230481215,0.0,624.6232490117428,798.4279990117428,-2.42575,0.0,38963.13728460972,39759.13953362146,1.1623585265381355,0.02032472890360137,0.07304344790950974,0.09336817681311112,39176.37549662683,582.7640369946275,8388.215830682739,20178.23884453382,6731.308976021849,26909.54782055567,2973.125695756148,905.4861496322769,0.21411413701109183,24.003678660970373,10792.830074379966,12668.953262071469,0.2754933282510847,0.32338247480710136,8853.593815690789,8853.593815690789,0,0.0,0.0,0.0,0.0,0.0,0.0,0.0,0.0,0.0,0.0,0.0,none,887.3587288072958,9740.952544498085,779.5712787812616,779.5712787812616,0.0,9633.16509447205,0.2154110468670722,0.5181811771623273,0.1728613500867164,0.0702933619006643,0.0232530639832198,0.06404699120035827,0.06412453334536451,0.08291900017647245,0.5752977744119095,5357.2961792106125,0.0,no_fiscal_response
2029Q3,2029-09-30,2029,3,2029,34528.19057048822,24389.00036245153,0.017620997896754975,0.020285549943514614,0.02275805762511629,173.80475,627.4198893390029,171.91648344984276,334.3812100974148,76.19694300937624,26.14999746974394,18.775255312625237,5.268186894431433,16.773165807478307,0.0,649.4612420409127,823.2659920409127,-2.42575,0.0,39759.13953362146,40579.979775662374,1.1752709628041358,0.02013482283645105,0.0752383755198591,0.09537319835631014,39997.21573866774,582.7640369946275,8561.42076132553,20594.89126861393,6870.301096379837,27465.192364993767,3046.419439545713,924.1831728027333,0.21405041834071173,23.788576586173214,11013.225929693634,12707.558398011366,0.275349814388367,0.3177110747167882,8988.098523174607,8988.098523174607,0,0.0,0.0,0.0,0.0,0.0,0.0,0.0,0.0,0.0,0.0,0.0,none,905.4861496322769,9893.584672806885,804.0670762334344,804.0670762334344,0.0,9792.165599408041,0.2154110468670722,0.5181811771623273,0.1728613500867164,0.0702933619006643,0.0232530639832198,0.06528657254136118,0.06533956716962748,0.08294513729181593,0.5962036875718207,6006.757421251526,0.0,no_fiscal_response
2029Q4,2029-12-31,2029,4,2030,34855.54358176037,24497.541313226066,0.017920813193843088,0.020183196343088072,0.022686563355431177,192.2015,652.9708960484521,175.38070429575325,350.73543702299884,79.52818396993084,28.170564045500736,19.15600671426866,5.3789120614604125,17.13311876928073,0.0,675.4829268791932,867.6844268791932,-5.94,0.0,40579.979775662374,41441.72420254156,1.1889564741784056,0.02205692182641243,0.07751799082343597,0.0995749126498484,40858.96016554694,582.7640369946275,8743.359367401254,21032.552950494937,7016.301747398224,28048.854697893163,3122.923126661356,943.8229735911642,0.21398878806450447,23.538181728258596,10990.296834477447,12725.628026956796,0.2689813149906022,0.31145256696197793,9131.835157386198,9131.835157386198,0,0.0,0.0,0.0,0.0,0.0,0.0,0.0,0.0,0.0,0.0,0.0,none,924.1831728027333,10056.018330188932,844.6113081099124,844.6113081099124,0.0,9976.44646549611,0.2154110468670722,0.5181811771623273,0.1728613500867164,0.0702933619006643,0.0232530639832198,0.06639072599898342,0.0665828746700668,0.08290291240637933,0.6158946107226043,6682.240348130719,0.0,no_fiscal_response
2030Q1,2030-03-31,2030,1,2030,35185.787659983565,24607.027742665883,0.017997333864965714,0.02008187040489151,0.022638322874940497,192.2015,678.32190970274,179.04214144595917,366.80577659951706,82.93547416307244,29.984865038816302,19.55365245537492,5.3789120614604125,17.52634179296895,0.0,701.2271635571693,893.4286635571693,-5.94,0.0,41441.72420254156,42329.21286609874,1.2030201874445834,0.021849901654307863,0.07971709149540146,0.10156699314970931,41746.44882910411,582.7640369946275,8930.758861867389,21483.351050473586,7166.684608862957,28650.035659336543,3201.6020447780375,964.0522631221374,0.21392858823577796,23.299004663024494,11050.694077721248,12800.988350223844,0.264709798980964,0.3066365812964541,9334.623186069008,9334.623186069008,0,0.0,0.0,0.0,0.0,0.0,0.0,0.0,0.0,0.0,0.0,0.0,none,943.8229735911642,10278.446159660172,869.9623217642003,869.9623217642003,0.0,10204.585507833208,0.2154110468670722,0.5181811771623273,0.1728613500867164,0.0702933619006643,0.0232530639832198,0.06752541384929575,0.06768320353950563,0.08287035844019143,0.6353446976731126,7383.467511687889,7.275957614183426e-12,no_fiscal_response
2030Q2,2030-06-30,2030,2,2030,35516.65777720346,24716.041432773058,0.017838848225115722,0.01995316485744958,0.022612820884429397,192.2015,704.910984697248,182.79030700527056,383.55266644762145,86.44616206396665,32.15391668047188,19.96793249991728,5.3789120614604125,17.947828255418436,0.0,728.2377250141268,920.4392250141268,-5.94,0.0,42329.21286609874,43243.71209111286,1.2175614147699745,0.02164634985709331,0.08201647008368561,0.10366281994077892,42660.948054118235,582.7640369946275,9123.885936813318,21947.927108632546,7321.663693728799,29269.590802361345,3282.5714848283637,984.8998301152128,0.21386974160159464,23.11391916850594,11002.679828120068,12774.296274069726,0.2579098761275169,0.2994377025532739,9576.995388257443,9576.995388257443,0,0.0,0.0,0.0,0.0,0.0,0.0,0.0,0.0,0.0,0.0,0.0,none,964.0522631221374,10541.04765137958,896.5513967587083,896.5513967587083,0.0,10473.546785016151,0.2154110468670722,0.5181811771623273,0.1728613500867164,0.0702933619006643,0.0232530639832198,0.06870188701134823,0.0688165619632742,0.08289934409226295,0.6553947338309116,8111.705236702016,0.0,no_fiscal_response
2030Q3,2030-09-30,2030,3,2030,35850.49897484923,24825.52786221287,0.017837173553037378,0.019938881222312688,0.022609552821165613,192.2015,732.9049311586692,186.69751598204252,401.45157736619603,90.20220822607521,34.16127860181982,20.392350982535483,5.3789120614604125,18.39909670027135,0.0,756.6829399204009,948.884439920401,-5.94,0.0,43243.71209111286,44186.656531033266,1.2325255657398864,0.02144477823138118,0.08442648906518693,0.10587126729656811,43603.892494038635,582.7640369946275,9323.043217072443,22427.0091029223,7481.481849974218,29908.490952896518,3365.959981933181,1006.3983421364986,0.21381217785423756,22.906065232995743,11020.109622546712,12788.496930383022,0.25273224458236937,0.2932879657964348,9771.050731642572,9771.050731642572,0,0.0,0.0,0.0,0.0,0.0,0.0,0.0,0.0,0.0,0.0,0.0,none,984.8998301152128,10755.950561757785,924.5453432201296,924.5453432201296,0.0,10695.596074862702,0.2154110468670722,0.5181811771623273,0.1728613500867164,0.0702933619006643,0.0232530639832198,0.06989610139484778,0.06999241307740638,0.0828694867383901,0.6748302631549313,8868.388176622417,7.275957614183426e-12,no_fiscal_response
2030Q4,2030-12-31,2030,4,2031,36186.034286952054,24935.10883951922,0.01777342391157455,0.019839987430776862,0.02260563078501021,184.328,762.1346173198476,190.70284900521685,420.03527483422704,93.93556035596818,36.62848744221008,20.832445682225526,5.499835599136797,18.863250950212453,0.0,786.4977038691968,970.8257038691968,-9.2495,0.0,44186.656531033266,45148.232734902456,1.2476700921930532,0.0203755955724018,0.0869393642455915,0.10731495981799329,44565.46869790783,582.7640369946275,9526.114001155871,22915.505210592033,7644.440483760029,30559.945694352064,3451.089695651372,1028.3193067485338,0.21375549903288873,22.500601221162427,11264.192049171756,13746.814037879813,0.2527560548174054,0.3084633560361314,9687.309795364654,9687.309795364654,0,0.0,0.0,0.0,0.0,0.0,0.0,0.0,0.0,0.0,0.0,0.0,none,1006.3983421364986,10693.708137501153,942.7129529189843,942.7129529189843,0.0,10630.022748283638,0.2154110468670722,0.5181811771623273,0.1728613500867164,0.0702933619006643,0.0232530639832198,0.07066091816483919,0.07119775657312492,0.08271235664659557,0.687267350173289,9654.885880491613,-7.275957614183426e-12,no_fiscal_response
2031Q1,2031-03-31,2031,1,2031,36524.98226400305,25045.446199757793,0.01781775002184327,0.01982598390139856,0.02258993228072148,184.328,787.4680549909518,194.80903132363758,435.67417035101624,97.74308883437365,37.9581256304965,21.28363885142778,5.499835599136797,19.327009134786657,0.0,812.2948997248752,996.6228997248752,-9.2495,0.0,45148.232734902456,46135.606134627335,1.2631246690596198,0.020186512197889632,0.0889577324203579,0.10914424461824752,45552.84209763271,582.7640369946275,9734.641887568772,23417.128628815746,7811.778289784004,31228.90691859975,3538.4639400565407,1050.8293514076502,0.2136999897109529,22.193983276862408,11487.832890220694,14726.868257919828,0.2521869626838869,0.32329197432634293,9990.736867437596,9990.736867437594,0,0.0,0.0,0.0,0.0,0.0,0.0,0.0,0.0,0.0,0.0,0.0,none,1028.3193067485338,11019.056174186127,968.0463905900885,968.0463905900885,0.0,10958.783258027683,0.2154110468670722,0.5181811771623273,0.1728613500867164,0.0702933619006643,0.0232530639832198,0.0715348176759273,0.07196692765313221,0.0826495086538845,0.7013970679735119,10467.180780216488,0.0,no_fiscal_response
2031Q2,2031-06-30,2031,2,2031,36866.39910685036,25155.878107862893,0.017754036595319045,0.019811706497828263,0.02259593162071094,184.328,814.8711852978527,199.0490899960625,451.78670351391185,101.81232818253363,40.48140432472022,21.741659280624276,5.499835599136797,19.82154678903462,0.0,840.1925676860241,1024.5205676860242,-9.2495,0.0,46135.606134627335,47150.877202313364,1.2789661682350741,0.019999566485000043,0.09116079552558232,0.11116036201058237,46568.11316531873,582.7640369946275,9949.072710968518,23932.951833359824,7983.853037909433,31916.804871269258,3628.25898027183,1073.9766028091333,0.21364560500119248,21.819491493501886,11723.833675149504,15749.11571568187,0.25175668237897914,0.33819527236956876,10138.734410788853,10138.734410788851,0,0.0,0.0,0.0,0.0,0.0,0.0,0.0,0.0,0.0,0.0,0.0,none,1050.8293514076502,11189.563762196502,995.4495208969894,995.4495208969894,0.0,11134.18393168584,0.2154110468670722,0.5181811771623273,0.1728613500867164,0.0702933619006643,0.0232530639832198,0.07227637531301251,0.07284547776260061,0.08270885515571809,0.7138319260187848,11307.373347902512,7.275957614183426e-12,no_fiscal_response
2031Q3,2031-09-30,2031,3,2031,37209.60057628394,25265.93182450188,0.017614655473791707,0.019797160110517797,0.022579104221777335,184.328,841.6553350567997,203.35904621219652,468.36677143141213,105.83500560683584,41.89541542629034,22.199096380064788,5.499835599136797,20.309545076390307,0.0,867.4647157323268,1051.7927157323268,-9.2495,0.0,47150.877202313364,48193.42041804569,1.29518779217325,0.019815101172301647,0.0932517094833012,0.11306681065560285,47610.65638105106,582.7640369946275,10169.273136107282,24462.654080155287,8160.5577303231175,32623.211810478406,3720.4247667066807,1097.7466677586976,0.2135923742516314,21.501898217419342,11940.755909356441,16789.29363645875,0.2508000690809387,0.35263730670054055,10415.262520414395,10415.262520414397,0,0.0,0.0,0.0,0.0,0.0,0.0,0.0,0.0,0.0,0.0,0.0,none,1073.9766028091333,11489.23912322353,1022.2336706559364,1022.2336706559364,0.0,11437.496191070333,0.2154110468670722,0.5181811771623273,0.1728613500867164,0.0702933619006643,0.0232530639832198,0.07310480081463262,0.07359054738347616,0.08254488342244097,0.727172312269992,12174.83806363484,-7.275957614183426e-12,no_fiscal_response
2031Q4,2031-12-31,2031,4,2032,37555.06036168092,25376.26918474045,0.017582923791722438,0.019727225080271582,0.0225727995952707,192.24275,870.3709469684553,207.65655743931072,485.46338523264956,109.9663613154678,44.613429925140714,22.671213055886497,5.6120176762582625,20.819685743618763,0.0,896.8026503883323,1089.0454003883324,-11.316,0.0,48193.42041804569,49271.149818434016,1.3119709925618317,0.020475829158421884,0.09551870152799749,0.11599453068641939,48688.38578143939,582.7640369946275,10396.943164182878,25010.32480024418,8343.256570516369,33353.58137076055,3815.5381895181495,1122.3230569778177,0.21354051890022444,21.13595934462524,12882.676834801441,17841.1251288579,0.2645944536471463,0.3664349278069341,10573.859203739079,10573.859203739079,0,0.0,0.0,0.0,0.0,0.0,0.0,0.0,0.0,0.0,0.0,0.0,none,1097.7466677586976,11671.605871497777,1056.9097146447136,1056.9097146447136,0.0,11630.768918383792,0.2154110468670722,0.5181811771623273,0.1728613500867164,0.0702933619006643,0.0232530639832198,0.07379307082221434,0.07443361708790695,0.08256956569998616,0.7388137814369933,13071.640714023171,-7.275957614183426e-12,no_fiscal_response
2032Q1,2032-03-31,2032,1,2032,37903.323994075035,25487.079284311665,0.017581469158450158,0.01968526656714742,0.02257678241908323,192.24275,898.456259937482,212.1236329072412,502.8080547742394,114.23877369338697,46.1238564742343,23.16194208837968,5.6120176762582625,21.355681358176327,0.0,925.4239589719165,1117.6667089719165,-11.316,0.0,49271.149818434016,50377.50052740594,1.3291050815300747,0.02028769297701183,0.09766150948835799,0.11794920246536982,49794.736490411306,582.7640369946275,10630.663078926722,25572.54880086834,8530.810275827054,34103.35907669539,3913.1618190127992,1147.552515776395,0.21348969445744148,20.830994084787463,13872.700004641978,18975.11603690962,0.2785977190041635,0.381066702513097,10877.49959949374,10877.49959949374,0,0.0,0.0,0.0,0.0,0.0,0.0,0.0,0.0,0.0,0.0,0.0,none,1122.3230569778177,11999.822656471557,1084.9950276137404,1084.9950276137404,0.0,11962.49462710748,0.2154110468670722,0.5181811771623273,0.1728613500867164,0.0702933619006643,0.0232530639832198,0.07454014983118974,0.07512907349490625,0.08242738179622762,0.7514748971367103,13997.064672995088,0.0,no_fiscal_response
2032Q2,2032-06-30,2032,2,2032,38254.66436095058,25598.362123215524,0.017579698909776065,0.01967074272996472,0.02256916678199805,192.24275,928.1816206762704,216.73264352161826,520.2627026088271,118.6256548606039,48.8952179286225,23.665401756598715,5.6120176762582625,21.8947571178946,0.0,955.6883954704233,1147.9311454704234,-11.316,0.0,50377.50052740594,51514.11567287636,1.3466100548371482,0.02010136575096831,0.09992908435458307,0.1200304501055514,50931.35163588173,582.7640369946275,10870.786164745808,26150.1759239117,8723.502347126861,34873.67827103856,4013.4140198072078,1173.473180290156,0.2134399699906494,20.48253807635586,14898.848614946448,20164.58027659202,0.2925280428734987,0.3959168494241539,11055.828550711669,11055.828550711667,0,0.0,0.0,0.0,0.0,0.0,0.0,0.0,0.0,0.0,0.0,0.0,none,1147.552515776395,12203.381066488062,1114.7203883525287,1114.7203883525287,0.0,12170.548939064196,0.2154110468670722,0.5181811771623273,0.1728613500867164,0.0702933619006643,0.0232530639832198,0.07515261674599776,0.07588216052525415,0.08244239520959983,0.7625455555599516,14952.75306846551,0.0,no_fiscal_response
2032Q3,2032-09-30,2032,3,2032,38609.61597939811,25710.11770145202,0.017577617243731636,0.01971028327301072,0.022571739816290792,192.24275,957.1729191394415,221.465091141284,537.8016687231042,123.13368586866288,50.58719116061032,24.185282245780122,5.6120176762582625,22.458222788345992,0.0,985.2431596040458,1177.485909604046,-11.316,0.0,51514.11567287636,52680.2855824804,1.3644343318667123,0.019916566909402023,0.10207230863210516,0.12198887554150718,52097.521545485775,582.7640369946275,11117.154296516883,26742.82579212017,8921.20589341978,35664.03168553995,4116.267582106908,1200.0679813220377,0.21339123180381273,20.170419494943545,15968.398460087588,21420.816576402412,0.3065097529859603,0.4111676705714327,11334.29295494356,11334.29295494356,0,0.0,0.0,0.0,0.0,0.0,0.0,0.0,0.0,0.0,0.0,0.0,none,1173.473180290156,12507.766135233716,1143.7116868156997,1143.7116868156997,0.0,12478.004641759258,0.2154110468670722,0.5181811771623273,0.1728613500867164,0.0702933619006643,0.0232530639832198,0.07578885132566447,0.076502771850769,0.08231934054956976,0.7739744686420469,15937.996228069556,-7.275957614183426e-12,no_fiscal_response
2032Q4,2032-12-31,2032,4,2033,38969.17761522756,25822.818758353802,0.017649746885700424,0.0197758101815233,0.02257356533731114,249.09275,987.3864901146524,226.3452614770838,555.4319341482349,127.75994885191716,53.1279452221822,24.72140041523398,5.6542680689403735,23.03561713817706,0.0,1016.0763753217698,1265.1691253217698,-14.7595,0.0,52680.2855824804,53930.69520780217,1.3839320844874143,0.025568181341621612,0.10429538804788414,0.12986356938950575,53347.93117080755,582.7640369946275,11381.544216517144,27378.82790049919,9133.37142153574,36512.199322034925,4225.579444589805,1228.6081876656715,0.2133455593634196,20.202893636648273,16342.714115479163,21796.292774318168,0.306342040952884,0.40856866041405726,12235.207212712856,12235.207212712856,0,0.0,0.0,0.0,0.0,0.0,0.0,0.0,0.0,0.0,0.0,0.0,none,1200.0679813220377,13435.275194034894,1227.3740081835929,1227.3740081835929,0.0,13462.581220896449,0.2154110468670722,0.5181811771623273,0.1728613500867164,0.0702933619006643,0.0232530639832198,0.0770474311513673,0.07715040752624021,0.08298418821276109,0.7975412039301084,16954.072603391327,0.0,no_fiscal_response
2033Q1,2033-03-31,2033,1,2033,39332.32559763485,25936.27619818781,0.017690923464234398,0.019759214646802636,0.022564008293708637,249.09275,1027.876384983983,231.6144248061239,583.3469701157866,132.7256830374712,54.88919292009554,25.300114104505347,5.6542680689403735,23.637424018094077,0.0,1057.1680770710175,1306.2608270710175,-14.7595,0.0,53930.69520780217,55222.19653487319,1.403990119978917,0.025332115120594703,0.10751137249149463,0.13284348761208933,54639.43249787856,582.7640369946275,11654.656107158748,28035.81111026477,9352.536087543682,37388.347197808456,4338.339284785986,1258.0899081253763,0.21330119246043144,20.296518788582983,16759.802136729435,22207.215715906434,0.30673455727015747,0.406432034534192,12619.035046411924,12619.035046411926,0,0.0,0.0,0.0,0.0,0.0,0.0,0.0,0.0,0.0,0.0,0.0,none,1228.6081876656715,13847.643234077597,1267.8639030529234,1267.8639030529234,0.0,13886.898949464849,0.2154110468670722,0.5181811771623273,0.1728613500867164,0.0702933619006643,0.0232530639832198,0.07837645590460579,0.07840937877752976,0.08291276635929196,0.822209469022225,18011.240680462346,0.0,no_fiscal_response
2033Q2,2033-06-30,2033,2,2033,39698.94284544474,26050.395473087516,0.017716447921211298,0.01974238719039123,0.022564493843014066,249.09275,1070.9190793160153,237.08484185987678,612.488702745499,137.85632786871713,57.59457130793186,25.894635533990552,5.6542680689403735,24.268707971410187,0.0,1100.8420553563658,1349.9348053563658,-14.7595,0.0,55222.19653487319,56557.37184022956,1.424656874628067,0.025098174625935377,0.11091902972249368,0.13601720434842907,55974.60780323493,582.7640369946275,11937.039869646393,28715.098234047568,9579.14117180523,38294.2394058528,4454.756024625344,1288.5725031103937,0.21325812431965832,20.349127788294318,17205.5166612608,22605.037144206337,0.3073807452433181,0.4038444936259103,12865.086583304934,12865.086583304934,0,0.0,0.0,0.0,0.0,0.0,0.0,0.0,0.0,0.0,0.0,0.0,none,1258.0899081253763,14123.17649143031,1310.9065973849558,1310.9065973849558,0.0,14175.99318068989,0.2154110468670722,0.5181811771623273,0.1728613500867164,0.0702933619006643,0.0232530639832198,0.07961577316812787,0.07973909945151686,0.08296707610022726,0.8453925761201389,19112.082735818713,7.275957614183426e-12,no_fiscal_response
2033Q3,2033-09-30,2033,3,2033,40068.93751717752,26165.27113091945,0.017756007302464516,0.019698696995388953,0.022564267205522626,249.09275,1114.4398565602294,242.70986314958526,642.5722240647689,143.1617194039906,59.48044925913072,26.515600682754123,5.6542680689403735,24.91969601929894,0.0,1145.0138206484687,1394.1065706484687,-14.7595,0.0,56557.37184022956,57936.71891087803,1.445926009044802,0.024866419269861016,0.11430438555128669,0.13917080482114771,57353.9548738834,582.7640369946275,12228.798488320683,29416.937005413794,9813.269316378035,39230.20632179183,4574.882974257618,1320.0670895132703,0.21321630766720095,20.438682328077732,17684.13978058775,22946.273304053913,0.30833339774865937,0.400081796530176,13224.35493711374,13224.354937113738,0,0.0,0.0,0.0,0.0,0.0,0.0,0.0,0.0,0.0,0.0,0.0,none,1288.5725031103937,14512.927440224132,1354.42737462917,1354.42737462917,0.0,14578.782311742907,0.2154110468670722,0.5181811771623273,0.1728613500867164,0.0702933619006643,0.0232530639832198,0.080850770733648,0.08098069506362841,0.08288555662931495,0.8689062709458697,20257.096556467182,0.0,no_fiscal_response
2033Q4,2033-12-31,2033,4,2034,40442.305229569334,26280.714075950556,0.017765412373738743,0.019681678339410258,0.022563340221916306,228.68725,1159.6137536130875,248.58090127133866,673.0713727025766,148.64441522952424,62.163284378359904,27.153780031287965,5.687777001067564,25.590637919076865,0.0,1190.892168533232,1419.579418533232,-17.2085,0.0,57936.71891087803,59339.089829411256,1.4672529049117002,0.022618616688822736,0.11778677419827324,0.14040539088709597,58756.32579241663,582.7640369946275,12525.372169873719,30130.358631916315,10051.261414457766,40181.62004637408,4697.252126699606,1352.0814494692263,0.2131748709768762,20.467564734373696,17981.89003047504,23108.713600605966,0.30604177146821976,0.393297458425974,13456.091010176056,13456.091010176056,0,0.0,0.0,0.0,0.0,0.0,0.0,0.0,0.0,0.0,0.0,0.0,none,1320.0670895132703,14776.158099689326,1376.7802806141551,1376.7802806141551,0.0,14832.871290790212,0.2154110468670722,0.5181811771623273,0.1728613500867164,0.0702933619006643,0.0232530639832198,0.08114845525038175,0.08222020100000062,0.08290074936103256,0.873875050814249,21447.988725000414,-7.275957614183426e-12,no_fiscal_response
2034Q1,2034-03-31,2034,1,2034,40816.72980870861,26395.211542316374,0.01754105922100746,0.019664438509282567,0.022572136924965847,228.68725,1192.3465057729625,254.515562491834,691.6531836955462,154.21878514679673,64.15341943045125,27.80555500833461,5.687777001067564,26.285295944555912,0.0,1224.319578718586,1453.006828718586,-17.2085,0.0,59339.089829411256,60774.88815812985,1.4889700483835182,0.022411129071022006,0.11998213325334717,0.14239326232436916,60192.12412113522,582.7640369946275,12828.996847836355,30860.7417544648,10294.911740267906,41155.65349473271,4822.616832360648,1384.856946205503,0.21313414396239455,20.565006582835295,18279.514789791254,23237.183952630294,0.3036861558998012,0.38605023982649317,13907.59437987497,13907.59437987497,0,0.0,0.0,0.0,0.0,0.0,0.0,0.0,0.0,0.0,0.0,0.0,none,1352.0814494692263,15259.675829344196,1409.51303277403,1409.51303277403,0.0,15317.107412649,0.2154110468670722,0.5181811771623273,0.1728613500867164,0.0702933619006643,0.0232530639832198,0.08149542833980616,0.0825303914999893,0.08285932473624806,0.8799053842694805,22672.308303719,7.275957614183426e-12,no_fiscal_response
2034Q2,2034-06-30,2034,2,2034,41196.0201454162,26511.221774546648,0.017696739357757174,0.019646981729401825,0.022559374014152977,228.68725,1226.7113286038289,260.6210709637952,710.7108013030919,159.9269031547138,66.97989436824248,28.47265881398515,5.687777001067564,26.971690504025396,0.0,1259.370796108922,1488.0580461089219,-17.2085,0.0,60774.88815812985,62245.73770423877,1.510964833120287,0.02220479057858171,0.12228082146416268,0.14448561204274438,61662.973667244136,582.7640369946275,13140.02408826039,31608.932081360763,10544.50241574808,42153.43449710884,4951.083551509063,1418.4315303658382,0.2130942331644391,20.62683135164868,18542.66612274993,23317.05311104881,0.30070989152765987,0.3781370200677658,14202.06616903083,14202.06616903083,0,0.0,0.0,0.0,0.0,0.0,0.0,0.0,0.0,0.0,0.0,0.0,none,1384.856946205503,15586.923115236332,1443.8778556048965,1443.8778556048965,0.0,15645.944024635726,0.2154110468670722,0.5181811771623273,0.1728613500867164,0.0702933619006643,0.0232530639832198,0.08178229955105047,0.08288757638399412,0.08292648955590533,0.8848199441576307,23931.67909982792,0.0,no_fiscal_response
2034Q3,2034-09-30,2034,3,2034,41579.86765924117,26628.177485442204,0.01776333439337474,0.01968155262857385,0.022566712808094413,228.68725,1261.1157044459449,266.87388923256856,730.2300447843644,165.77543665790301,69.07692758561372,29.159406185495712,5.687777001067564,27.69910575437956,0.0,1294.502587201392,1523.189837201392,-17.2085,0.0,62245.73770423877,63751.719041440156,1.533235256155782,0.02199980547068182,0.12453166977925072,0.14653147524993254,63168.95500444553,582.7640369946275,13458.462411301383,32374.95010823013,10800.040278085215,43174.990386315345,5082.69608514987,1452.806121678932,0.21305501112618122,20.730817653530096,18723.374519579833,23310.53197549359,0.2964015237906369,0.3690188000395623,14615.035762761741,14615.03576276174,0,0.0,0.0,0.0,0.0,0.0,0.0,0.0,0.0,0.0,0.0,0.0,none,1418.4315303658382,16033.467293127578,1478.2822314470125,1478.2822314470125,0.0,16093.317994208752,0.2154110468670722,0.5181811771623273,0.1728613500867164,0.0702933619006643,0.0232530639832198,0.08212067528243495,0.08318658497404167,0.08285528836590943,0.890598888604003,25226.18168702931,0.0,no_fiscal_response
2034Q4,2034-12-31,2034,4,2035,41967.153813296354,26745.511387803872,0.0177423648279893,0.01968916041410429,0.02257322550837304,189.9905,1297.263172227691,273.3077254175028,750.2521020286684,171.7646053064296,72.07994165928395,29.85879781580626,5.709630652454863,28.44355736572332,0.0,1331.4163602458693,1521.4068602458692,-17.416,0.0,63751.719041440156,65255.70990168603,1.554923409674049,0.01810849511932408,0.1269008011521658,0.14500929627148987,64672.9458646914,582.7640369946275,13776.311600516681,33139.55094659526,11055.10537697789,44194.656323573145,5214.860823078497,1487.1171175230716,0.21301506242408458,20.691002942284246,18907.993274270608,23549.405412200085,0.2923632598061927,0.3641307056194734,14686.190563506147,14686.190563506148,0,0.0,0.0,0.0,0.0,0.0,0.0,0.0,0.0,0.0,0.0,0.0,none,1452.806121678932,16138.99668518508,1475.547302880146,1475.547302880146,0.0,16161.737866386295,0.2154110468670722,0.5181811771623273,0.1728613500867164,0.0702933619006643,0.0232530639832198,0.08238089641438319,0.08353759743359494,0.08275278238679,0.8951997960729997,26557.59804727518,0.0,no_fiscal_response
2035Q1,2035-03-31,2035,1,2035,42358.31906225067,26863.318029498183,0.017735654711652504,0.019722056747187633,0.02256874260208286,189.9905,1332.3631798406914,279.6935662694899,770.1220672271514,177.74396888722111,74.24332069172998,30.56025676509912,5.709630652454863,29.177424371852776,0.0,1367.2502348649991,1557.240734864999,-17.416,0.0,65255.70990168603,66795.53463655103,1.5769165565419845,0.017941269078292365,0.12911279438220005,0.1470540634604924,66212.7705995564,582.7640369946275,14101.721719116937,33922.3399482237,11316.237910574602,45238.5778587983,5350.22672555111,1522.2442960900476,0.21297585936105523,20.71455863915618,19066.016374378032,23745.24750557575,0.2879507412502954,0.35862035813578885,15153.417929021402,15153.4179290214,0,0.0,0.0,0.0,0.0,0.0,0.0,0.0,0.0,0.0,0.0,0.0,none,1487.1171175230716,16640.53504654447,1510.6473104931463,1510.6473104931463,0.0,16664.065239514544,0.2154110468670722,0.5181811771623273,0.1728613500867164,0.0702933619006643,0.0232530639832198,0.08268481181783059,0.08380877240780263,0.08270684933752355,0.9007551973474877,27924.848282140178,0.0,no_fiscal_response
2035Q2,2035-06-30,2035,2,2035,42752.9723378467,26981.50286265861,0.017714424126451522,0.01972826196496369,0.022573755489187608,189.9905,1369.12409394174,286.26495089807383,790.3969080878315,183.86687396873003,77.31704631319427,31.27831467391026,5.709630652454863,29.941397525582737,0.0,1404.7751221197777,1594.7656221197776,-17.416,0.0,66795.53463655103,68372.8842586708,1.5992545200920287,0.017775652976699592,0.13143180885940065,0.14920746183610023,67790.12022167617,582.7640369946275,14435.05054470749,34724.177763594584,11583.724985413244,46307.90274900783,5488.940649416156,1558.2262785446972,0.2129373793335127,20.690027735454052,19218.35920736982,24015.6614767289,0.28349793663921946,0.35426491940413746,15426.128388697587,15426.128388697587,0,0.0,0.0,0.0,0.0,0.0,0.0,0.0,0.0,0.0,0.0,0.0,none,1522.2442960900476,16948.372684787635,1547.4082245941952,1547.4082245941952,0.0,16973.53661329178,0.2154110468670722,0.5181811771623273,0.1728613500867164,0.0702933619006643,0.0232530639832198,0.0829305063605123,0.08412389419523106,0.08276519286965664,0.9050476974729974,29329.623404259954,-1.4551915228366852e-11,no_fiscal_response
2035Q3,2035-09-30,2035,3,2035,43151.28712883536,27100.16043515168,0.017707331988727093,0.01973390522034224,0.022567910616891007,189.9905,1405.9062002207872,292.9954384312002,811.1614588797489,190.14011459138328,79.59542942575376,32.0137588927008,5.709630652454863,30.709792885829124,0.0,1442.3256237590713,1632.3161237590712,-17.416,0.0,68372.8842586708,69987.78438242988,1.6219164951782243,0.017611571996242123,0.13369943004970097,0.15131100204594308,69405.02034543524,582.7640369946275,14776.302642317589,35545.075374095664,11857.570264802314,47402.64563889798,5631.008506549593,1595.063557670091,0.21289962266093368,20.668093143646587,19373.525021311292,24301.087409164964,0.27913722847263,0.35013443246923914,15772.734901116548,15772.734901116546,0,0.0,0.0,0.0,0.0,0.0,0.0,0.0,0.0,0.0,0.0,0.0,none,1558.2262785446972,17330.961179661244,1584.1903308732424,1584.1903308732424,0.0,17356.92523198979,0.2154110468670722,0.5181811771623273,0.1728613500867164,0.0702933619006643,0.0232530639832198,0.0831754666287585,0.0843799783728539,0.082665307570315,0.9093265633204344,30771.949028019026,0.0,no_fiscal_response
2035Q4,2035-12-31,2035,4,2036,43553.56087408408,27219.290746977385,0.01769999094559438,0.019764486694536787,0.022571471840996393,242.76275,1443.6543556482127,299.8850621258354,831.8449240002474,196.56315561945394,82.5946207692373,32.766593133437844,5.7387688543045945,31.509571163647994,0.0,1480.9026956661653,1723.6654456661654,-16.55475,0.0,69987.78438242988,71694.89507809604,1.646131651218375,0.02229555931849903,0.13600749660378333,0.15830305592228236,71112.13104110141,582.7640369946275,15137.24563467832,36413.340337244896,12147.21693739064,48560.55727463553,5780.301713959055,1634.0264178285026,0.21286446367258055,20.553824879135018,19788.82994342528,24641.18854591901,0.278276429825844,0.34651174399030293,15872.206215784441,15872.206215784443,0,0.0,0.0,0.0,0.0,0.0,0.0,0.0,0.0,0.0,0.0,0.0,none,1595.063557670091,17467.269773454533,1675.6011245025175,1675.6011245025175,0.0,17547.80734028696,0.2154110468670722,0.5181811771623273,0.1728613500867164,0.0702933619006643,0.0232530639832198,0.08337430093418503,0.08463778122045763,0.08244412573606782,0.9127717980181712,32252.85172368519,0.0,no_fiscal_response
2036Q1,2036-03-31,2036,1,2036,43959.12371141258,27338.799250269203,0.017678326506116004,0.019743412449576114,0.022574269177581208,242.76275,1482.707014162033,307.17255704170987,852.355809582659,203.35826655837604,86.25747835709024,33.56290262219746,5.7387688543045945,32.348950043846344,0.0,1520.794733060184,1763.557483060184,-16.55475,0.0,71694.89507809604,73441.89781115623,1.670686119525385,0.022089862536270204,0.13838262500809206,0.16047248754436227,72859.1337741616,582.7640369946275,15506.601001092455,37301.84165295414,12443.61430525414,49745.45595820828,5933.179442906812,1673.8973719540513,0.21282988415917234,20.503421196260714,20195.894454312554,24977.053845978982,0.277190976726582,0.3428129398765474,16349.179915912771,16349.179915912771,0,0.0,0.0,0.0,0.0,0.0,0.0,0.0,0.0,0.0,0.0,0.0,none,1634.0264178285026,17983.206333741273,1714.6537830163377,1714.6537830163377,0.0,18063.83369892911,0.2154110468670722,0.5181811771623273,0.1728613500867164,0.0702933619006643,0.0232530639832198,0.08362477031977883,0.08484814610042223,0.08240461899749202,0.9173007090880897,33773.64645674537,0.0,no_fiscal_response
2036Q2,2036-06-30,2036,2,2036,44368.391695384074,27458.59139716061,0.017642589134278408,0.019772661061247865,0.022576315037704076,242.76275,1523.7121651594723,314.62893431216594,873.3367024073548,210.61643799742146,90.74823842259397,34.381852019936225,5.7387688543045945,33.207501032818094,0.0,1562.658435046595,1805.4211850465952,-16.55475,0.0,73441.89781115623,75230.76424620283,1.6955936731425305,0.021886098704385192,0.14088033172580997,0.16276643043019515,74648.0002092082,582.7640369946275,15884.789330009891,38211.59106607696,12747.099878879566,50958.69094495653,6089.798112762394,1714.7218214793852,0.21279591262312778,20.389360925620682,20692.322843412872,25437.444159465966,0.2771986226746952,0.3407652460638608,16650.650800017695,16650.650800017695,0,0.0,0.0,0.0,0.0,0.0,0.0,0.0,0.0,0.0,0.0,0.0,none,1673.8973719540513,18324.548171971746,1755.658934013777,1755.658934013777,0.0,18406.30973403147,0.2154110468670722,0.5181811771623273,0.1728613500867164,0.0702933619006643,0.0232530639832198,0.08381805174051861,0.08510991581751955,0.08242393716041527,0.920629550375012,35336.304891791966,0.0,no_fiscal_response
2036Q3,2036-09-30,2036,3,2036,44780.96019760952,27578.572639785074,0.01759302613883751,0.01977588746711989,0.022577621701592054,242.76275,1564.7351143023964,322.3023755059007,894.8127890350723,217.73848569647615,94.66536465631472,35.21609940863288,5.7387688543045945,34.08603871270013,0.0,1604.5599218694013,1847.3226718694013,-16.55475,0.0,75230.76424620283,77061.53216807223,1.7208548416115894,0.02168446133613357,0.14332519131245025,0.16500965264858383,76478.7681310776,582.7640369946275,16271.81445534778,39142.59779927733,13057.676734878378,52200.27453415571,6250.178961308194,1756.50018026592,0.21276250720277531,20.27058337233633,21209.90699875407,25852.49758035177,0.2773306568223253,0.3380349633252847,17036.46522923479,17036.46522923479,0,0.0,0.0,0.0,0.0,0.0,0.0,0.0,0.0,0.0,0.0,0.0,none,1714.7218214793852,18751.187050714176,1796.6818831567011,1796.6818831567011,0.0,18833.14711239149,0.2154110468670722,0.5181811771623273,0.1728613500867164,0.0702933619006643,0.0232530639832198,0.08400380370768994,0.08531403012832688,0.08240741468032482,0.9238693327341557,36940.86481366137,-1.4551915228366852e-11,no_fiscal_response
2026Q4,2026-12-31,2026,4,2027,32494.749328920883,24334.483486635447,-0.02,0.02374108660242924,0.02771554138299126,-291.475802936378,262.77373580186674,55.91196830625741,138.7066086465815,45.90202768161394,6.830451248587104,15.422679918826764,4.968063415379199,15.669722733652822,0.0,283.41152195089876,-8.064280985479229,5.538,0.0,32215.665354410852,32213.139073425373,0.991333668936942,-0.03587974167592172,0.03488705440772952,-0.0009926872681922036,31630.375036430745,582.7640369946275,6799.874527972928,16357.41081391936,5447.204894683637,21804.615708602996,2291.8559755374054,734.0288243174178,0.21497925712676735,24.297363617819933,10270.933513503749,13255.297746887401,0.3247174117181365,0.419068624119076,7665.516018009889,7665.51601800989,0,0.0,0.0,0.0,0.0,0.0,0.0,0.0,0.0,0.0,0.0,0.0,none,734.0288243174178,8399.544842327308,-18.196003719132054,0.0,18.196003719132054,7665.51601800989,0.2154110468670722,0.5181811771623273,0.1728613500867164,0.0702933619006643,0.0232530639832198,0.04547795502855875,0.03518928059787473,0.08357558642930935,0.26281838960160936,283.41152195089876,0.0,wage_tax_only_closure
2027Q1,2027-03-31,2027,1,2027,32517.71732280901,24211.887731116716,-0.02,0.023296209984862815,0.026152401325720165,-291.81956411613896,359.6457166685532,140.72340335639973,149.92852214132316,45.81411704452698,7.805391627175742,15.37428249912676,4.968063415379199,14.839632535854301,0.0,379.4534126197867,87.63384850364776,5.538,0.0,32213.139073425373,32306.31092192902,0.9934987318211386,-0.0358966850248676,0.04667651285025785,0.010779827825390246,31723.546884934392,582.7640369946275,6816.748152617968,16398.00109379928,5460.745507291113,21858.746601090395,2312.201842878765,735.8502883472644,0.21487976036674708,24.301030570880243,10191.298809138778,12997.010503192263,0.32125344767103126,0.4096960075219263,7701.336201211398,7701.336201211398,0,0.0,0.0,0.0,0.0,0.0,0.0,0.0,0.0,0.0,0.0,0.0,none,734.0288243174178,8435.365025528816,78.33221596779342,78.33221596779342,0.0,7779.668417179191,0.2154110468670722,0.5181811771623273,0.1728613500867164,0.0702933619006643,0.0232530639832198,0.04711173605986826,0.04711784365440144,0.08348175466947529,0.29008917773693155,662.8649345706855,0.0,wage_tax_only_closure
2027Q2,2027-06-30,2027,2,2027,32535.292940369363,24089.909606100784,-0.02,0.022616048740021766,0.02507028033791192,-292.08261778364704,373.67126581585205,140.83401683308705,162.32674288083592,46.126431274318435,8.993328602686539,15.390746224923967,4.968063415379199,14.357602482099075,0.0,392.99693171333035,100.91431392968332,5.538,0.0,32306.31092192902,32412.763235858703,0.9962339449429507,-0.035909634293931285,0.04831638460223666,0.012406750308305374,31829.999198864076,582.7640369946275,6836.586370821813,16445.722839787617,5476.6651234477895,21922.387963235407,2333.0330922417875,737.9917725650712,0.21478437143868329,24.298341715783845,10125.562133205547,12734.852395329452,0.31811380421168534,0.400089623495307,7718.958655806264,7718.958655806263,0,0.0,0.0,0.0,0.0,0.0,0.0,0.0,0.0,0.0,0.0,0.0,none,735.8502883472644,8454.808944153527,92.09471144758422,92.09471144758422,0.0,7811.053367253847,0.2154110468670722,0.5181811771623273,0.1728613500867164,0.0702933619006643,0.0232530639832198,0.048755001276055546,0.04865884348888256,0.0834870390615445,0.3176153004474808,1055.8618662840158,0.0,wage_tax_only_closure
2027Q3,2027-09-30,2027,3,2027,32549.94864533719,23968.546000000006,-0.02,0.022248000239960097,0.024382592342289344,-292.3019692191494,388.0092698496853,141.03877683005405,175.1117436059092,46.49449279986079,9.960452385511006,15.40380422835021,4.968063415379199,14.093135225796457,0.0,407.070468490861,114.76849927171162,5.538,0.0,32412.763235858703,32533.069735130415,0.9994814458729049,-0.03592042155323301,0.0500240996293153,0.014103678076082288,31950.305698135788,582.7640369946275,6859.465902762217,16500.760605799307,5495.025308954017,21995.785914753324,2354.592321905149,740.4615587151038,0.21469171430063808,24.34305298352626,9996.480064177324,12409.050773603276,0.31287588164643415,0.3883859794908726,7773.632955343267,7773.632955343267,0,0.0,0.0,0.0,0.0,0.0,0.0,0.0,0.0,0.0,0.0,0.0,none,737.9917725650712,8511.624727908338,106.21336404591514,106.21336404591514,0.0,7879.846319389182,0.2154110468670722,0.5181811771623273,0.1728613500867164,0.0702933619006643,0.0232530639832198,0.05051916959130499,0.050235824144794064,0.08345074741017941,0.3463503162144087,1462.9323347748768,0.0,wage_tax_only_closure
2027Q4,2027-12-31,2027,4,2028,32727.07720050504,23968.546000000006,0.0,0.021945305341696475,0.024162847358085493,-274.3665462522781,403.5761253709211,141.33929492641548,188.86778901555508,46.98447443090417,10.95705042221726,15.427516575829188,5.137064986107641,14.09632131404403,0.0,422.80951167107276,148.44296541879464,2.14175,0.0,32533.069735130415,32683.65445054921,0.9986731858243926,-0.033533889332230886,0.051677026833859524,0.018143137501628638,32100.89041355458,582.7640369946275,6888.867010621528,16571.486322525503,5518.618877030132,22090.105199555634,2378.2828713012395,743.6353320761885,0.2146004961816482,24.231909260299567,9879.50316762638,12263.676173801256,0.30776414736006097,0.3820353895424323,7592.943040659896,7592.943040659896,0,0.0,0.0,0.0,0.0,0.0,0.0,0.0,0.0,0.0,0.0,0.0,none,740.4615587151038,8333.404599375,136.48839410475063,136.48839410475063,0.0,7729.431434764647,0.2154110468670722,0.5181811771623273,0.1728613500867164,0.0702933619006643,0.0232530639832198,0.0519166436174998,0.05198519723019034,0.08318089593120355,0.36910459782092964,1885.7418464459497,0.0,wage_tax_only_closure
2028Q1,2028-03-31,2028,1,2028,32903.007321605444,23968.546000000006,0.0,0.0216767083117837,0.023850744937782276,-276.99968636366714,416.69697424414335,141.80732741364412,199.91720827039012,47.71139930334186,11.782269819601124,15.478769437165862,5.137064986107641,14.05585588243868,0.0,435.88989511268966,158.89020874902252,2.14175,0.0,32683.65445054921,32844.68640929823,0.9982274899149136,-0.033674695283160694,0.05299088814005968,0.019316192856898985,32261.922372303605,582.7640369946275,6920.527286804461,16647.64657252364,5544.025364602134,22191.671937125775,2402.6701715732283,747.0529768001495,0.21451069179763554,24.156166075893204,9732.223482319036,12068.897502481539,0.3016628510232239,0.3740910836994175,7694.33551835477,7694.33551835477,0,0.0,0.0,0.0,0.0,0.0,0.0,0.0,0.0,0.0,0.0,0.0,none,743.6353320761885,8437.970850430958,146.97610286658386,146.97610286658386,0.0,7841.311621221354,0.2154110468670722,0.5181811771623273,0.1728613500867164,0.0702933619006643,0.0232530639832198,0.05344302622480411,0.05334653085042209,0.08309634026820917,0.39389908129926465,2321.6317415586395,-7.275957614183426e-12,wage_tax_only_closure
2028Q2,2028-06-30,2028,2,2028,33078.45806907888,23968.546000000006,0.0,0.02150065998978512,0.023590801926968608,-279.6256517063604,431.1070725075349,142.32064365313374,211.79400776214092,48.3014649772016,13.154121830057425,15.53683428500109,5.137064986107641,14.046568970245875,0.0,450.2907064638884,170.66505475752803,2.14175,0.0,32844.68640929823,33017.493214055765,0.9981569620054297,-0.03381362590993915,0.05445123294725901,0.020637607037319858,32434.729177061134,582.7640369946275,6954.725995396263,16729.91313839046,5571.468873300409,22301.38201169087,2427.876531253104,750.7446387209021,0.21442220027275163,24.088662351331898,9570.119083935106,11919.341058455244,0.29505777685677104,0.36748699190264794,7737.714927766834,7737.714927766835,0,0.0,0.0,0.0,0.0,0.0,0.0,0.0,0.0,0.0,0.0,0.0,none,747.0529768001495,8484.767904566985,158.76023578728217,158.76023578728217,0.0,7896.475163554117,0.2154110468670722,0.5181811771623273,0.1728613500867164,0.0702933619006643,0.0232530639832198,0.0549592279652465,0.05483878894169165,0.08305051719105681,0.4189175095850487,2771.922448022528,7.275957614183426e-12,wage_tax_only_closure
2028Q3,2028-09-30,2028,3,2028,33251.27226160394,23968.546000000006,0.0,0.02106182624872388,0.023346411992499982,-282.21215582122625,445.7179119446182,142.90223239040455,223.97590367791048,48.93952655443649,14.297898867649401,15.602350454217152,5.137064986107641,14.048152530208663,0.0,464.9031294609345,182.69097363970826,2.14175,0.0,33017.493214055765,33202.32593769547,0.9985279864324171,-0.03394903552572977,0.05592605609834299,0.02197702057261322,32619.561900700843,582.7640369946275,6991.514878647704,16818.410488489142,5600.990924836377,22419.40141332552,2453.9297054473623,754.7159032802581,0.2143350330679177,23.999938179960157,9410.240001058903,11805.208380034821,0.2884845611877062,0.3619057918672164,7739.445269734553,7739.445269734552,0,0.0,0.0,0.0,0.0,0.0,0.0,0.0,0.0,0.0,0.0,0.0,none,750.7446387209021,8490.189908455455,170.7845711094996,170.7845711094996,0.0,7910.229840844052,0.2154110468670722,0.5181811771623273,0.1728613500867164,0.0702933619006643,0.0232530639832198,0.05642802715327448,0.05632203831428634,0.08306949056258488,0.44289861083147863,3236.8255774834624,-7.275957614183426e-12,wage_tax_only_closure
2028Q4,2028-12-31,2028,4,2029,33567.27804848896,24072.26500958159,0.01742186418178404,0.020775810233577552,0.02309377715644856,-328.5955536363557,460.2421911953374,143.553279245834,235.9489695405678,49.73575232536707,15.32874077243733,15.675449311130965,5.268186894431433,14.04655950115413,0.0,479.556937590923,150.96138395456728,-2.42575,0.0,33202.32593769547,33350.861571650035,0.993552754664042,-0.0391566516846185,0.05714576402628636,0.017989112341667852,32768.09753465541,582.7640369946275,7020.485310967897,16888.100195404884,5624.238887818307,22512.339083223193,2477.4299541307555,757.8431863335675,0.2142475712403828,23.73507354546665,9410.863669729837,11589.815165286147,0.2871959124199061,0.35369203698898916,7578.189915395826,7578.189915395827,0,0.0,0.0,0.0,0.0,0.0,0.0,0.0,0.0,0.0,0.0,0.0,none,754.7159032802581,8332.905818676085,134.48907445341314,134.48907445341314,0.0,7712.67898984924,0.2154110468670722,0.5181811771623273,0.1728613500867164,0.0702933619006643,0.0232530639832198,0.057488109361902885,0.0577738967433567,0.08276474561417914,0.46035538195266495,3716.3825150743855,7.275957614183426e-12,wage_tax_only_closure
2029Q1,2029-03-31,2029,1,2029,33886.340980372326,24177.969524360276,0.017680562926939647,0.020522825130940392,0.02297286568423096,-333.37095763621994,471.0259128332473,144.06035858106125,244.70690252259564,50.38681912456423,16.140902664706978,15.730929940319006,5.268186894431433,14.107458190351581,0.0,490.4015579180303,157.03060028181034,-2.42575,0.0,33350.861571650035,33505.46642193185,0.9887602335507075,-0.03935166181905746,0.05788781482215281,0.018536153003095347,32922.70238493722,582.7640369946275,7050.750001280412,16960.90329942707,5648.5254566989,22609.42875612597,2501.413446349493,761.1101811813456,0.21416073075782102,23.510883398465424,9393.208630018416,11432.020938285776,0.2853109845052086,0.3472382310729191,7647.17006362215,7647.17006362215,0,0.0,0.0,0.0,0.0,0.0,0.0,0.0,0.0,0.0,0.0,0.0,none,757.8431863335675,8405.013249955718,140.49739209145878,140.49739209145878,0.0,7787.667455713609,0.2154110468670722,0.5181811771623273,0.1728613500867164,0.0702933619006643,0.0232530639832198,0.05858475186999439,0.05881725806266991,0.08268637782424544,0.4787980046875241,4206.7840729924155,7.275957614183426e-12,wage_tax_only_closure
2029Q2,2029-06-30,2029,2,2029,34205.573087708595,24282.728560473675,0.01744428695602207,0.020418069374665837,0.022841686194156274,-338.14889367930743,482.2806644913117,144.59325565125786,253.40942630337202,51.06670395049369,17.422047877581125,15.789230708607015,5.268186894431433,14.163377774963546,0.0,501.71222916070667,163.56333548139924,-2.42575,0.0,33505.46642193185,33666.60400741325,0.9842432378222886,-0.03954313442575445,0.05867023223078131,0.01912709780502686,33083.839970418616,582.7640369946275,7082.409869224914,17037.062567388897,5673.93161667096,22710.994184059855,2525.908135296828,764.5277818370264,0.21407460184662774,23.272254734288754,9436.647057811482,11222.188932818393,0.2852343339300731,0.33920454647503234,7672.229588872077,7672.229588872077,0,0.0,0.0,0.0,0.0,0.0,0.0,0.0,0.0,0.0,0.0,0.0,none,761.1101811813456,8433.339770053422,146.97420770643572,146.97420770643572,0.0,7819.203796578513,0.2154110468670722,0.5181811771623273,0.1728613500867164,0.0702933619006643,0.0232530639832198,0.05955920399320507,0.05989616414738799,0.08258459539831747,0.49708698026683096,4708.496302153122,0.0,wage_tax_only_closure
2029Q3,2029-09-30,2029,3,2029,34528.19057048822,24389.00036245153,0.017620997896754975,0.020285549943514614,0.02275805762511629,-342.97749852098536,492.7082722131367,145.15399026976462,261.48206111947155,51.6591120856422,18.56062518186756,15.852483556390725,5.268186894431433,14.250146244495317,0.0,512.2266053520634,169.24910683107805,-2.42575,0.0,33666.60400741325,33833.42736424433,0.9798783777902998,-0.03973304049290478,0.05934010405860901,0.019607063565704238,33250.6633272497,582.7640369946275,7115.275824241239,17116.12313325409,5700.305627840021,22816.42876109411,2550.8831654494325,768.0755764649214,0.21398898885755774,23.009578059436148,9515.34352605842,11105.305864589265,0.28617003614061354,0.33398749839339914,7670.199414237431,7670.199414237431,0,0.0,0.0,0.0,0.0,0.0,0.0,0.0,0.0,0.0,0.0,0.0,none,764.5277818370264,8434.727196074457,152.57321058658277,152.57321058658277,0.0,7822.772624824013,0.2154110468670722,0.5181811771623273,0.1728613500867164,0.0702933619006643,0.0232530639832198,0.0605891893522726,0.0608587198446595,0.0826248762178803,0.5142735029459556,5220.7229075051855,7.275957614183426e-12,wage_tax_only_closure
2029Q4,2029-12-31,2029,4,2030,34855.54358176037,24497.541313226066,0.017920813193843088,0.020183196343088072,0.022686563355431177,-329.48022985580883,503.76244024415047,145.75642525958162,269.961113972547,52.36325410409207,19.761360396753105,15.920286511176663,5.3789120614604125,14.346213680517117,0.0,523.487565986128,194.00733613031912,-5.94,0.0,33833.42736424433,34021.49470037465,0.9760712702864811,-0.03781094150294339,0.060075099934469516,0.022264158431526123,33438.73066338002,582.7640369946275,7152.697273091074,17206.14214898308,5730.335295605273,22936.477444588352,2577.4408208601026,772.1151248404834,0.21390456907876157,22.706972874719078,9335.571460917878,10963.258083895937,0.27918438516392624,0.3278610720682111,7673.267828677137,7673.267828677137,0,0.0,0.0,0.0,0.0,0.0,0.0,0.0,0.0,0.0,0.0,0.0,none,768.0755764649214,8441.343405142059,173.72112244980207,173.72112244980207,0.0,7846.988951126939,0.2154110468670722,0.5181811771623273,0.1728613500867164,0.0702933619006643,0.0232530639832198,0.061493757591777325,0.06188998357752634,0.08257949727101666,0.5306596127153759,5744.210473491314,0.0,wage_tax_only_closure
2030Q1,2030-03-31,2030,1,2030,35185.787659983565,24607.027742665883,0.017997333864965714,0.02008187040489151,0.022638322874940497,-334.4229816909077,514.1762589367198,146.4693584097225,277.9183428277427,53.06407147556365,20.728191124808355,15.9962950988827,5.3789120614604125,14.465008245604205,0.0,534.0201792437844,199.59719755287665,-5.94,0.0,34021.49470037465,34215.15189792751,0.9724139822750096,-0.038017961675047965,0.060708622970645616,0.02269066129559765,33632.38786093289,582.7640369946275,7191.297250180156,17298.996168576617,5761.310699373923,23060.30686795054,2604.5018505184553,776.2818922837388,0.21382059697680605,22.41971714748954,9234.084925281466,10873.756367698212,0.2745593016904906,0.32331205303234145,7731.202286675706,7731.202286675706,0,0.0,0.0,0.0,0.0,0.0,0.0,0.0,0.0,0.0,0.0,0.0,none,772.1151248404834,8503.31741151619,179.19218930727254,179.19218930727254,0.0,7910.394475982978,0.2154110468670722,0.5181811771623273,0.1728613500867164,0.0702933619006643,0.0232530639832198,0.062471368201851375,0.06278621018234141,0.08255047976890971,0.5473689236162183,6278.230652735098,-7.275957614183426e-12,wage_tax_only_closure
2030Q2,2030-06-30,2030,2,2030,35516.65777720346,24716.041432773058,0.017838848225115722,0.01995316485744958,0.022612820884429397,-339.37510343027986,525.3842011457324,147.18787646806214,286.30902811925677,53.787192276542775,22.021365587943524,16.07873869392694,5.3789120614604125,14.600550365173666,0.0,545.3636635723665,205.9885601420866,-5.94,0.0,34215.15189792751,34415.20045806961,0.9689875853171965,-0.03822151347226252,0.061420606296171354,0.023199092823908828,33832.43642107498,582.7640369946275,7231.2448001056155,17395.09183658523,5793.367492714854,23188.459329300083,2632.138164948634,780.5941267206421,0.21373703951161827,22.20246731986456,9019.457378727775,10677.349433967453,0.2665920144346848,0.31559504911435504,7824.431065646794,7824.431065646795,0,0.0,0.0,0.0,0.0,0.0,0.0,0.0,0.0,0.0,0.0,0.0,none,776.2818922837388,8600.712957930535,185.44800977691295,185.44800977691295,0.0,8009.879075423708,0.2154110468670722,0.5181811771623273,0.1728613500867164,0.0702933619006643,0.0232530639832198,0.06353759438548406,0.06375697704915352,0.08259875016947214,0.5654706277654491,6823.594316307464,7.275957614183426e-12,wage_tax_only_closure
2030Q3,2030-09-30,2030,3,2030,35850.49897484923,24825.52786221287,0.017837173553037378,0.019938881222312688,0.022609552821165613,-344.3716932288712,537.5309390203399,147.9693467221612,295.6030007268455,54.67269562581589,23.123694551766405,16.162201393750895,5.3789120614604125,14.75336176202023,0.0,557.6632128438205,213.29151961494927,-5.94,0.0,34415.20045806961,34622.55197768456,0.9657481197674228,-0.038423085097974645,0.062220970841722095,0.02379788574374745,34039.78794068993,582.7640369946275,7272.732570913385,17494.892576740753,5826.660270305526,23321.552847046278,2660.429898722012,785.0726240082465,0.2136538742128832,21.95995070204895,8865.428846600766,10516.860566095713,0.2604431279668271,0.30895787554317394,7864.956036015253,7864.956036015252,0,0.0,0.0,0.0,0.0,0.0,0.0,0.0,0.0,0.0,0.0,0.0,none,780.5941267206421,8645.550162735894,192.59815785292915,192.59815785292915,0.0,8057.554193868181,0.2154110468670722,0.5181811771623273,0.1728613500867164,0.0702933619006643,0.0232530639832198,0.06466718513116682,0.06481591917772028,0.08257130966221514,0.583467844382234,7381.257529151285,7.275957614183426e-12,wage_tax_only_closure
2030Q4,2030-12-31,2030,4,2031,36186.034286952054,24935.10883951922,0.01777342391157455,0.019839987430776862,0.02260563078501021,-357.26713878065743,550.4477966810101,148.76374473803327,305.32668809830096,55.45041491033398,24.655945617371327,16.251003316970703,5.499835599136797,14.909374170936848,0.0,570.8570064510837,213.58986767042632,-9.2495,0.0,34622.55197768456,34826.89234535498,0.9624401521642522,-0.03949226775695403,0.0631024667609872,0.023610199004033165,34244.128308360356,582.7640369946275,7313.538099532179,17593.05215194335,5859.405567590115,23452.457719533464,2688.6550142742108,789.4774750204949,0.21357057284902922,21.460353782611804,8943.971578046774,11295.396304528083,0.2611826324649997,0.32984914093346707,7612.250944882358,7612.250944882358,0,0.0,0.0,0.0,0.0,0.0,0.0,0.0,0.0,0.0,0.0,0.0,none,785.0726240082465,8397.323568890604,189.43099349948946,189.43099349948946,0.0,7801.681938381847,0.2154110468670722,0.5181811771623273,0.1728613500867164,0.0702933619006643,0.0232530639832198,0.0652778264238059,0.06595204268235581,0.08235676346048214,0.593008267251952,7952.114535602369,-7.275957614183426e-12,wage_tax_only_closure
2031Q1,2031-03-31,2031,1,2031,36524.98226400305,25045.446199757793,0.01781775002184327,0.01982598390139856,0.02258993228072148,-362.3401615721201,558.9829304141127,149.56185413543307,311.84537053399544,56.21550878138842,25.019986924059335,16.3402100392367,5.499835599136797,15.05717457493084,0.0,579.5399405881803,217.19977901606023,-9.2495,0.0,34826.89234535498,35034.84262437104,0.959202180336153,-0.03968135113146621,0.06346778611956694,0.023786434988100735,34452.07858737641,582.7640369946275,7355.089405093283,17693.00572786915,5892.749330046227,23585.755057915376,2717.2712936477665,793.9628307199865,0.2134875370854478,21.085840379841517,8997.657577659353,12090.449254756675,0.26116443322395605,0.3509352628490386,7752.317899227624,7752.317899227624,0,0.0,0.0,0.0,0.0,0.0,0.0,0.0,0.0,0.0,0.0,0.0,none,789.4774750204949,8541.795374248119,192.8931044411294,192.8931044411294,0.0,7945.211003668754,0.2154110468670722,0.5181811771623273,0.1728613500867164,0.0702933619006643,0.0232530639832198,0.06605682116827588,0.06656234898494769,0.08227985808528515,0.6051845702721476,8531.65447619055,0.0,wage_tax_only_closure
2031Q2,2031-06-30,2031,2,2031,36866.39910685036,25155.878107862893,0.017754036595319045,0.019811706497828263,0.02259593162071094,-367.4501357936008,569.0906200233385,150.3931906106449,318.5708794823889,57.15330733136744,26.54615163134091,16.42709096759652,5.499835599136797,15.221440997553083,0.0,589.8118966200283,222.36176082642748,-9.2495,0.0,35034.84262437104,35247.95488519747,0.9560997477143853,-0.039868296844355784,0.06399452193967399,0.02412622509531821,34665.190848202845,582.7640369946275,7397.717273758004,17795.549025837692,5926.9570043316135,23722.506030169305,2746.4031456603675,798.5643986151591,0.2134047755903679,20.61857663707642,9058.75384722901,12922.34807427738,0.2613213320214173,0.37277591030332713,7732.645445457904,7732.645445457904,0,0.0,0.0,0.0,0.0,0.0,0.0,0.0,0.0,0.0,0.0,0.0,none,793.9628307199865,8526.60827617789,197.89081982887447,197.89081982887447,0.0,7930.536265286779,0.2154110468670722,0.5181811771623273,0.1728613500867164,0.0702933619006643,0.0232530639832198,0.06668995701791013,0.06734003665365308,0.08237069365743044,0.6155709249715722,9121.466372810579,0.0,wage_tax_only_closure
2031Q3,2031-09-30,2031,3,2031,37209.60057628394,25265.93182450188,0.017614655473791707,0.019797160110517797,0.022579104221777335,-372.5868204602217,578.0889593611965,151.20934107561362,325.4894963839196,57.952997236974056,26.930798545314012,16.506326119375338,5.499835599136797,15.373268222587157,0.0,598.9620631829205,226.37524272269877,-9.2495,0.0,35247.95488519747,35465.080627920164,0.9531164021826218,-0.04005276215705418,0.0643879056917023,0.02433514353464812,34882.31659092554,582.7640369946275,7441.176985498096,17900.09336056957,5961.8322094570385,23861.92557002661,2775.9582735873464,803.2557618134831,0.21332232812295157,20.224268348411893,9095.70417040589,13766.706579904348,0.26075401691561084,0.39466147679783653,7836.66470718197,7836.66470718197,0,0.0,0.0,0.0,0.0,0.0,0.0,0.0,0.0,0.0,0.0,0.0,none,798.5643986151591,8635.229105797129,201.75247450011162,201.75247450011162,0.0,8038.417181682082,0.2154110468670722,0.5181811771623273,0.1728613500867164,0.0702933619006643,0.0232530639832198,0.06747186242714341,0.06797126983778082,0.08217144895149839,0.6276191904315995,9720.428435993499,-7.275957614183426e-12,wage_tax_only_closure
2031Q4,2031-12-31,2031,4,2032,37555.06036168092,25376.26918474045,0.017582923791722438,0.019727225080271582,0.0225727995952707,-369.8425552647053,588.5387401117018,151.94883404387113,332.6459182011106,58.7683795328065,28.58636871306087,16.589239620852958,5.6120176762582625,15.534403332296602,0.0,609.6851611202567,239.84260585555137,-11.316,0.0,35465.080627920164,35693.60723377572,0.9504340264673221,-0.03939203417093393,0.0649377373114112,0.025545703140477265,35110.84319678109,582.7640369946275,7487.057858818153,18010.46191079947,5998.650329143152,24009.11223994262,2806.464614893629,808.2084831266833,0.213240616776317,19.760723063074437,9841.594267209968,14374.537799232989,0.2803007097281056,0.40940451696559726,7817.740409092254,7817.740409092254,0,0.0,0.0,0.0,0.0,0.0,0.0,0.0,0.0,0.0,0.0,0.0,none,803.2557618134831,8620.996170905737,212.99220252325478,212.99220252325478,0.0,8030.732611615508,0.2154110468670722,0.5181811771623273,0.1728613500867164,0.0702933619006643,0.0232530639832198,0.06809051987058988,0.06876455942866541,0.08223167420473294,0.6378117352830517,10330.113597113756,7.275957614183426e-12,wage_tax_only_closure
2032Q1,2032-03-31,2032,1,2032,37903.323994075035,25487.079284311665,0.017581469158450158,0.01968526656714742,0.02257678241908323,-375.0550051513943,597.8281813220108,152.7546979645374,339.7642765005476,59.62937126166626,29.00043302473273,16.67940257052691,5.6120176762582625,15.70786638260177,0.0,619.1480653808708,244.09306022947646,-11.316,0.0,35693.60723377572,35926.3842940052,0.9478425770684685,-0.039580170352343985,0.06533971168097602,0.025759541328632028,35343.62025701057,582.7640369946275,7533.8169611073,18122.94308119272,6036.173203053758,24159.116284246476,2837.4310046767955,813.2560069799905,0.21315917572459017,19.378286832068476,10629.610196220743,15043.738040535185,0.3007504641268975,0.4256422497508922,7938.792966958175,7938.792966958175,0,0.0,0.0,0.0,0.0,0.0,0.0,0.0,0.0,0.0,0.0,0.0,none,808.2084831266833,8747.00145008486,217.06919384687473,217.06919384687473,0.0,8155.86216080505,0.2154110468670722,0.5181811771623273,0.1728613500867164,0.0702933619006643,0.0232530639832198,0.0688164864502409,0.06938475692028019,0.08205277609180751,0.6498592414036821,10949.261662494626,0.0,wage_tax_only_closure
2032Q2,2032-06-30,2032,2,2032,38254.66436095058,25598.362123215524,0.017579698909776065,0.01967074272996472,0.02256916678199805,-380.313504417942,608.2142278954966,153.5956932945749,346.69943953603433,60.50703128243533,30.640691778507424,16.771372003944858,5.6120176762582625,15.875873669301702,0.0,629.7021192410565,249.3886148231145,-11.316,0.0,35926.3842940052,36164.45690882832,0.9453607164762922,-0.03976649757838751,0.0658431728271903,0.026076675248802788,35581.692871833686,582.7640369946275,7581.680593729695,18238.081250085434,6074.582431714474,24312.66368179991,2868.92583428517,818.4227620189032,0.21307813040372006,18.931331211232735,11448.055230446338,15756.638531367355,0.3217400383866662,0.4428299290908736,7929.344389412659,7929.344389412659,0,0.0,0.0,0.0,0.0,0.0,0.0,0.0,0.0,0.0,0.0,0.0,none,813.2560069799905,8742.60039639265,222.19674115381287,222.19674115381287,0.0,8151.541130566472,0.2154110468670722,0.5181811771623273,0.1728613500867164,0.0702933619006643,0.0232530639832198,0.06937862773656113,0.07011026927595726,0.08209868501987483,0.6601096004385866,11578.963781735682,0.0,wage_tax_only_closure
2032Q3,2032-09-30,2032,3,2032,38609.61597939811,25710.11770145202,0.017577617243731636,0.01971028327301072,0.022571739816290792,-385.62605316337965,617.315452977393,154.45778789575823,353.41847656795704,61.405615186952794,31.165880201515368,16.86769312520959,5.6120176762582625,16.053907030681295,0.0,638.9813776843325,253.35532452095288,-11.316,0.0,36164.45690882832,36406.49623334926,0.9429385739753426,-0.03995129641995379,0.06619919535333266,0.02624789893337887,35823.732196354635,582.7640369946275,7630.360349087967,18355.182639742063,6113.646576081753,24468.829215823815,2900.865016051768,823.6776153910793,0.21299735904860354,18.532703936887202,12304.069195054823,16524.35766034639,0.343461399488322,0.4612684566134593,8014.713810274148,8014.713810274148,0,0.0,0.0,0.0,0.0,0.0,0.0,0.0,0.0,0.0,0.0,0.0,none,818.4227620189032,8833.136572293051,225.98541749027157,225.98541749027157,0.0,8240.69922776442,0.2154110468670722,0.5181811771623273,0.1728613500867164,0.0702933619006643,0.0232530639832198,0.06999752203615421,0.07067506964589279,0.081938519300453,0.6712969512721773,12217.945159420015,-1.4551915228366852e-11,wage_tax_only_closure
2032Q4,2032-12-31,2032,4,2033,38969.17761522756,25822.818758353802,0.017649746885700424,0.0197758101815233,0.02257356533731114,-334.15759988145896,627.0657678601165,155.35413670743102,359.9209075949748,62.31971616514711,32.503248515507764,16.967758877056227,5.6542680689403735,16.23393390890711,0.0,648.953969837964,314.79636995650503,-14.7595,0.0,36406.49623334926,36706.533103305774,0.9419375863082715,-0.034299681987734205,0.06661202617572091,0.03231234418798671,36123.76906631114,582.7640369946275,7691.494636645929,18502.24397922533,6162.705134765514,24664.949113990846,2937.0484124527393,830.2769032216196,0.21292060146124067,18.640043468136287,12227.159773574507,16397.81144384462,0.33847962407049875,0.45393412336746286,8706.148947360916,8706.148947360916,0,0.0,0.0,0.0,0.0,0.0,0.0,0.0,0.0,0.0,0.0,0.0,none,823.6776153910793,9529.826562751996,283.8029360475979,283.8029360475979,0.0,8989.951883408514,0.2154110468670722,0.5181811771623273,0.1728613500867164,0.0702933619006643,0.0232530639832198,0.07156791764097437,0.07130089813405399,0.08298142961727853,0.7010068938865553,12866.899129257978,7.275957614183426e-12,wage_tax_only_closure
2033Q1,2033-03-31,2033,1,2033,39332.32559763485,25936.27619818781,0.017690923464234398,0.019759214646802636,0.022564008293708637,-339.59282332623184,646.5032080221287,156.52191585574462,376.39228486652144,63.46793173114056,33.023598439130716,17.097477129591198,5.6542680689403735,16.429523949834238,0.0,668.5870000409033,328.9941767146714,-14.7595,0.0,36706.533103305774,37020.76778002044,0.9412300751991789,-0.03453574820876113,0.06799364033344696,0.03345789212468582,36438.003743025816,582.7640369946275,7755.645156365411,18656.561003850024,6214.184135535224,24870.745139385246,2974.4116617817563,837.2017854933928,0.21284495196446734,18.852035485087892,12172.502997982898,16292.8935321359,0.33406064404153035,0.44714012455345714,8885.117710994804,8885.117710994804,0,0.0,0.0,0.0,0.0,0.0,0.0,0.0,0.0,0.0,0.0,0.0,none,830.2769032216196,9715.394614216424,297.8051527648372,297.8051527648372,0.0,9182.92286375964,0.2154110468670722,0.5181811771623273,0.1728613500867164,0.0702933619006643,0.0232530639832198,0.07329785152025335,0.07285754807290047,0.08290310401127039,0.7333999473562971,13535.48612929888,-7.275957614183426e-12,wage_tax_only_closure
2033Q2,2033-06-30,2033,2,2033,39698.94284544474,26050.395473087516,0.017716447921211298,0.01974238719039123,0.022564493843014066,-345.07997114774867,667.8901139898919,157.76921159336337,393.7666021020855,64.67305513915949,34.44953940536589,17.23170574991775,5.6542680689403735,16.638884897657146,0.0,690.1832669564894,345.10329580874077,-14.7595,0.0,37020.76778002044,37351.111575829185,0.9408590984713097,-0.03476968870342047,0.06954172756120981,0.03477203885778935,36768.347538834554,582.7640369946275,7823.220659632109,18819.11698386753,6268.411589964147,25087.528573831678,3013.1019195121016,844.4963858586585,0.21277052637106578,19.017508918453817,12134.549090521963,16160.732318254522,0.33002704507472114,0.4395283824269131,8920.993466149828,8920.993466149826,0,0.0,0.0,0.0,0.0,0.0,0.0,0.0,0.0,0.0,0.0,0.0,none,837.2017854933928,9758.19525164322,313.70491091108363,313.70491091108363,0.0,9234.69837706091,0.2154110468670722,0.5181811771623273,0.1728613500867164,0.0702933619006643,0.0232530639832198,0.074951853351807,0.07457255031096044,0.08302128709332171,0.7646320682210884,14225.66939625537,7.275957614183426e-12,wage_tax_only_closure
2033Q3,2033-09-30,2033,3,2033,40068.93751717752,26165.27113091945,0.017756007302464516,0.019698696995388953,0.022564267205522626,-350.6176687577206,689.1545164081617,159.06563406196986,411.7521555179506,65.94265541597665,35.01644703225808,17.377624380006544,5.6542680689403735,16.8551506512015,0.0,711.6639351283036,361.046266370583,-14.7595,0.0,37351.111575829185,37697.39834219977,0.9408135248417537,-0.035001444059494825,0.07104395366842098,0.036042509608926146,37114.63430520514,582.7640369946275,7894.183868845333,18989.82224629549,6325.357583818648,25315.17983011414,3053.1139259485853,852.1566802970768,0.21269733668743743,19.254109425792247,12117.395510089147,15957.533942224638,0.3264856501196819,0.4299526114416457,9064.214649326303,9064.214649326303,0,0.0,0.0,0.0,0.0,0.0,0.0,0.0,0.0,0.0,0.0,0.0,none,844.4963858586585,9908.71103518496,329.4316157193815,329.4316157193815,0.0,9393.646265045683,0.2154110468670722,0.5181811771623273,0.1728613500867164,0.0702933619006643,0.0232530639832198,0.07665241542053962,0.0762134142844454,0.08292170388604576,0.7974183509773873,14937.333331383674,0.0,wage_tax_only_closure
2033Q4,2033-12-31,2033,4,2034,40442.305229569334,26280.714075950556,0.017765412373738743,0.019681678339410258,0.022563340221916306,-376.6113505519875,711.42734459541,160.46902259395347,429.8134852101965,67.27618822706441,36.33978565048493,17.528862913710874,5.687777001067564,17.07828013181475,0.0,734.1934017282923,357.5820511763048,-17.2085,0.0,37697.39834219977,38037.77189337608,0.9405441078953337,-0.03724924664053311,0.07261637511122762,0.03536712847069451,37455.007856381446,582.7640369946275,7963.8252416282,19157.34777041634,6381.242840848049,25538.59061126439,3092.9177175687055,859.6742859201468,0.21262377709717536,19.229268938475755,12137.416113660629,15802.220555477094,0.3240532256781439,0.42189873824268254,8831.242628348093,8831.242628348093,0,0.0,0.0,0.0,0.0,0.0,0.0,0.0,0.0,0.0,0.0,0.0,none,852.1566802970768,9683.39930864517,323.29527104449,323.29527104449,0.0,9154.537899392582,0.2154110468670722,0.5181811771623273,0.1728613500867164,0.0702933619006643,0.0232530639832198,0.07692659984922978,0.07790388026925571,0.08269390503125866,0.802145586690956,15671.526733111967,7.275957614183426e-12,wage_tax_only_closure
2034Q1,2034-03-31,2034,1,2034,40816.72980870861,26395.211542316374,0.01754105922100746,0.019664438509282567,0.022572136924965847,-382.2153504347529,720.5228014055739,161.82492890988505,435.5047321414555,68.58516065983557,36.928778004450095,17.679201689947796,5.687777001067564,17.307620571684268,0.0,743.5181989783258,361.3028485435729,-17.2085,0.0,38037.77189337608,38381.86624191965,0.9403464320096153,-0.03745673425833384,0.072864063580095,0.035407329321761175,37799.10220492502,582.7640369946275,8034.21871280289,19326.68250179784,6437.73163583569,25764.414137633532,3133.196275874051,867.2730786145441,0.21255051692090388,19.31843370282527,12157.713609733795,15611.680937578543,0.32164027451820565,0.4130172418630733,9039.396270163785,9039.396270163783,0,0.0,0.0,0.0,0.0,0.0,0.0,0.0,0.0,0.0,0.0,0.0,none,859.6742859201468,9899.07055608393,326.7867279718885,326.7867279718885,0.0,9366.182998135671,0.2154110468670722,0.5181811771623273,0.1728613500867164,0.0702933619006643,0.0232530639832198,0.07729099672514013,0.07818735556461998,0.08264233165624145,0.8087586848718963,16415.04493209029,0.0,wage_tax_only_closure
2034Q2,2034-06-30,2034,2,2034,41196.0201454162,26511.221774546648,0.017696739357757174,0.019646981729401825,0.022559374014152977,-387.89217594479163,730.5913096692053,163.2151531505905,441.3249911941723,69.90855190440853,38.311478923719314,17.831134496315023,5.687777001067564,17.523183611473815,0.0,753.8022702817467,365.91009433695507,-17.2085,0.0,38381.86624191965,38730.567836256596,0.9401531434236389,-0.037663072750774115,0.0731917566426009,0.035528683891826784,38147.80379926197,582.7640369946275,8105.558200957039,19498.292920518317,6494.97958303327,25993.272503551587,3173.9991033643373,874.9739913890047,0.21247771545668517,19.365254153609282,12134.862980233605,15361.739163560993,0.31810122134654506,0.40269000135358224,9093.345694864243,9093.345694864243,0,0.0,0.0,0.0,0.0,0.0,0.0,0.0,0.0,0.0,0.0,0.0,none,867.2730786145441,9960.618773478787,331.1784107254812,331.1784107254812,0.0,9424.524105589724,0.2154110468670722,0.5181811771623273,0.1728613500867164,0.0702933619006643,0.0232530639832198,0.07757393951590369,0.07855816760243554,0.08277743008528561,0.8138203502415743,17168.84720237204,-7.275957614183426e-12,wage_tax_only_closure
2034Q3,2034-09-30,2034,3,2034,41579.86765924117,26628.177485442204,0.01776333439337474,0.01968155262857385,0.022566712808094413,-393.63720856903825,740.0332021481929,164.62388706143747,447.25116648144177,71.25001442711581,38.92085635021873,17.98727782797946,5.687777001067564,17.75711032014355,0.0,763.478089469404,369.8408809003658,-17.2085,0.0,38730.567836256596,39083.20021715696,0.9399548968615026,-0.03786805785867401,0.07344689942029868,0.03557884156162466,38500.43618016234,582.7640369946275,8177.694033562619,19671.818982430137,6552.866574416421,26224.685556846558,3215.2957222709592,882.7608674822045,0.21240523082115734,19.494930153083967,12020.611050510393,15014.224810894395,0.31222012639701235,0.3899754470478076,9259.26750738654,9259.26750738654,0,0.0,0.0,0.0,0.0,0.0,0.0,0.0,0.0,0.0,0.0,0.0,none,874.9739913890047,10134.241498775544,334.8752705802222,334.8752705802222,0.0,9594.142777966761,0.2154110468670722,0.5181811771623273,0.1728613500867164,0.0702933619006643,0.0232530639832198,0.0779525337324253,0.07885018290433575,0.0826803459908108,0.8205019327347027,17932.325291841444,0.0,wage_tax_only_closure
2034Q4,2034-12-31,2034,4,2035,41967.153813296354,26745.511387803872,0.0177423648279893,0.01968916041410429,0.02257322550837304,-438.13045720412026,750.5220013198867,166.06852158657287,453.31258386419455,72.60674078765844,40.39121235253282,18.142942728928013,5.709630652454863,17.99329465938001,0.0,774.2249266317216,336.0944694276013,-17.416,0.0,39083.20021715696,39401.87868658456,0.9388742172479888,-0.04175936821003176,0.07379341759282478,0.03203404938279301,38819.11464958994,582.7640369946275,8242.46494183685,19827.62838024679,6604.843419677916,26432.471799924708,3254.4251887384858,889.7527190898955,0.21233005997791138,19.39656276099733,11912.127487276317,14862.405452995197,0.3068624206091251,0.38286307112241663,9064.39108586913,9064.39108586913,0,0.0,0.0,0.0,0.0,0.0,0.0,0.0,0.0,0.0,0.0,0.0,none,882.7608674822045,9947.151953351335,300.6851747682213,300.6851747682213,0.0,9365.076260637352,0.2154110468670722,0.5181811771623273,0.1728613500867164,0.0702933619006643,0.0232530639832198,0.07821358325227272,0.07923864190546484,0.08252345634175488,0.8254020480281327,18706.550218473167,-7.275957614183426e-12,wage_tax_only_closure
2035Q1,2035-03-31,2035,1,2035,42358.31906225067,26863.318029498183,0.017735654711652504,0.019722056747187633,0.02256874260208286,-443.9850141200179,759.2712760652497,167.34264448164265,458.8431333810716,73.82520798270103,40.975871842537195,18.284418377297357,5.709630652454863,18.208682463401693,0.0,783.1895891811063,339.20457506108835,-17.416,0.0,39401.87868658456,39723.66726164565,0.9378008415127832,-0.04192659425106348,0.07395851455107219,0.03203192030000871,39140.903224651025,582.7640369946275,8307.85940430911,19984.937766355877,6657.320649771533,26642.25841612741,3293.973522458023,896.8118817564886,0.21225517859477508,19.413122938636832,11768.452224575916,14643.94351385521,0.3006688976243175,0.37413402112377475,9268.8240324208,9268.8240324208,0,0.0,0.0,0.0,0.0,0.0,0.0,0.0,0.0,0.0,0.0,0.0,none,889.7527190898955,10158.576751510696,303.57989259768664,303.57989259768664,0.0,9572.403925018487,0.2154110468670722,0.5181811771623273,0.1728613500867164,0.0702933619006643,0.0232530639832198,0.07855832716667416,0.07950784229461266,0.08246371508752638,0.832112373250231,19489.739807654274,0.0,wage_tax_only_closure
2035Q2,2035-06-30,2035,2,2035,42752.9723378467,26981.50286265861,0.017714424126451522,0.01972826196496369,0.022573755489187608,-449.8917762114844,768.9448215171731,168.64954590747496,464.38877916853005,75.0556678353211,42.42358646545558,18.427242140391453,5.709630652454863,18.434017048969196,0.0,793.0884692185971,343.1966930071127,-17.416,0.0,39723.66726164565,40049.44795465277,0.9367640602428792,-0.042092210352656256,0.07420194909035809,0.03210973873770182,39466.68391765814,582.7640369946275,8374.06527352837,20144.199028700794,6710.449011122322,26854.648039823114,3334.0119706290825,903.9586336775733,0.21218061519938478,19.358263626359356,11609.863131219208,14498.563550402192,0.29416870075635454,0.3673620915466693,9272.009524567658,9272.009524567658,0,0.0,0.0,0.0,0.0,0.0,0.0,0.0,0.0,0.0,0.0,0.0,none,896.8118817564886,10168.821406324147,307.3466759581435,307.3466759581435,0.0,9579.356200525803,0.2154110468670722,0.5181811771623273,0.1728613500867164,0.0702933619006643,0.0232530639832198,0.07881692615624088,0.0798605490268364,0.08258189190951362,0.8369047671433444,20282.82827687287,7.275957614183426e-12,wage_tax_only_closure
2035Q3,2035-09-30,2035,3,2035,43151.28712883536,27100.16043515168,0.017707331988727093,0.01973390522034224,0.022567910616891007,-455.853340078727,777.8978113874936,169.97258988944208,470.024176106967,76.30166072990049,43.02755453227819,18.571830128905745,5.709630652454863,18.65329280027554,0.0,802.2607348402239,346.4073947614969,-17.416,0.0,40049.44795465277,40378.43934941426,0.9357412498231558,-0.04225629133311373,0.07436725884397753,0.0321109675108638,39795.67531241963,582.7640369946275,8440.915528954576,20305.01039169338,6764.094474410688,27069.10486610407,3374.479971942083,911.1749454189087,0.21210635232819616,19.316670294790487,11444.59421241852,14355.960567454991,0.28758386740699016,0.3607417251938105,9341.789425747877,9341.789425747877,0,0.0,0.0,0.0,0.0,0.0,0.0,0.0,0.0,0.0,0.0,0.0,none,903.9586336775733,10245.74805942545,310.3381019612214,310.3381019612214,0.0,9652.127527709097,0.2154110468670722,0.5181811771623273,0.1728613500867164,0.0702933619006643,0.0232530639832198,0.07908541117084286,0.0801270205520544,0.08242213032079056,0.8418624217799922,21085.089011713095,-1.4551915228366852e-11,wage_tax_only_closure
2035Q4,2035-12-31,2035,4,2036,43553.56087408408,27219.290746977385,0.01769999094559438,0.019764486694536787,0.022571471840996393,-409.1019074791117,787.058584060556,171.3083806601331,475.1698543977804,77.55991507132912,44.30262261504614,18.717811316267934,5.7387688543045945,18.882659596862695,0.0,811.6800125117232,402.5781050326116,-16.55475,0.0,40378.43934941426,40764.46270444688,0.9359616501231518,-0.03757230401085684,0.0745454558683124,0.036973151857455575,40181.69866745225,582.7640369946275,8520.001690505896,20495.255789438474,6827.558910695488,27322.81470013396,3419.1701853116733,919.7120915007202,0.2120368718360635,19.121637923987574,11479.560777230734,14256.401470241413,0.2856912763254915,0.3547983769483917,9155.763965539392,9155.76396553939,0,0.0,0.0,0.0,0.0,0.0,0.0,0.0,0.0,0.0,0.0,0.0,none,911.1749454189087,10066.938910958299,367.14069543574885,367.14069543574885,0.0,9522.904660975139,0.2154110468670722,0.5181811771623273,0.1728613500867164,0.0702933619006643,0.0232530639832198,0.07928868999614484,0.0804072693833322,0.08202506520736615,0.845626652542791,21896.769024224817,1.4551915228366852e-11,wage_tax_only_closure
2036Q1,2036-03-31,2036,1,2036,43959.12371141258,27338.799250269203,0.017678326506116004,0.019743412449576114,0.022574269177581208,-415.17195260827395,796.7433248953773,172.8921343045909,479.7211136436313,79.04879074657052,46.19039984116013,18.89088635942479,5.7387688543045945,19.135085154629284,0.0,821.6171789043112,406.4452262960373,-16.55475,0.0,40764.46270444688,41154.35318074291,0.9361959408225987,-0.03777800079308567,0.0747619251282759,0.03698392433519022,40571.589143748286,582.7640369946275,8599.866497443278,20687.374254459402,6891.648188160119,27579.02244261952,3464.3669133524268,928.3332903330547,0.21196770151085984,19.044668683730077,11483.341749265383,14140.693262761306,0.2830389933354351,0.3485368347949037,9339.506027139747,9339.506027139747,0,0.0,0.0,0.0,0.0,0.0,0.0,0.0,0.0,0.0,0.0,0.0,none,919.7120915007202,10259.218118640467,370.7553911414079,370.7553911414079,0.0,9710.261418281156,0.2154110468670722,0.5181811771623273,0.1728613500867164,0.0702933619006643,0.0232530639832198,0.07959361269540667,0.0806209256195773,0.08196779510860286,0.8514872395500526,22718.38620312913,-7.275957614183426e-12,wage_tax_only_closure
2036Q2,2036-06-30,2036,2,2036,44368.391695384074,27458.59139716061,0.017642589134278408,0.019772661061247865,0.022576315037704076,-421.2974525406455,807.5817471957789,174.49129123312414,484.3122038375018,80.85643361463245,48.85385272708007,19.067965783440947,5.7387688543045945,19.389767149339615,0.0,832.7102831994231,411.4128306587776,-16.55475,0.0,41154.35318074291,41549.211261401695,0.9364597109280461,-0.03798176462497069,0.07507238837201802,0.03709062374704734,40966.447224407064,582.7640369946275,8680.74651992176,20881.934867140873,6956.552147748143,27838.48701488902,3510.1496105455194,937.0640790507613,0.2118989345688227,18.8584263681959,11576.621433552225,14137.290613099012,0.2825878790547179,0.3450943777393582,9339.850777069214,9339.850777069216,0,0.0,0.0,0.0,0.0,0.0,0.0,0.0,0.0,0.0,0.0,0.0,none,928.3332903330547,10268.184067402271,375.46831350943796,375.46831350943796,0.0,9715.319090578654,0.2154110468670722,0.5181811771623273,0.1728613500867164,0.0702933619006643,0.0232530639832198,0.07980399317798015,0.08093532944544664,0.08200326309884355,0.8553732202415365,23551.09648632855,7.275957614183426e-12,wage_tax_only_closure
2036Q3,2036-09-30,2036,3,2036,44780.96019760952,27578.572639785074,0.01759302613883751,0.01977588746711989,0.022577621701592054,-427.47235121695314,817.6024347141984,176.13234688921253,488.9554273066183,82.3795672862644,50.89013970859822,19.244953523505007,5.7387688543045945,19.64713662045372,0.0,842.9883401889566,415.51598897200347,-16.55475,0.0,41549.211261401695,41948.172500373694,0.9367412470671621,-0.038183401993222316,0.07529881775370745,0.03711541576048513,41365.40846337907,582.7640369946275,8762.454967800752,21078.48829521167,7022.120895587564,28100.609190799234,3556.460010636596,945.8842941424795,0.2118304954140168,18.666733889303238,11680.289145949197,14076.058744118809,0.2823685194911056,0.3402857427741923,9416.42932439884,9416.429324398838,0,0.0,0.0,0.0,0.0,0.0,0.0,0.0,0.0,0.0,0.0,0.0,none,937.0640790507613,10353.493403449598,379.31410235154976,379.31410235154976,0.0,9795.743426750387,0.2154110468670722,0.5181811771623273,0.1728613500867164,0.0702933619006643,0.0232530639832198,0.08001086768581299,0.08115565274011102,0.0819820377381712,0.8592452035220853,24394.08482651751,0.0,wage_tax_only_closure
