scenario,closure_start,closure_end,remaining_horizon_quarters,starting_debt_gdp_ratio,required_fiscal_adjustment_gdp_share,status,boundary_terminal_debt_gdp_ratio
unchanged_baseline,2045Q1,2054Q4,40,1.3851108729453743,0.029220811278910273,solved,0.0
unchanged_baseline,2046Q1,2054Q4,36,1.410156992310618,0.029398182481397195,solved,0.0
unchanged_baseline,2047Q1,2054Q4,32,1.436792622942885,0.029576935927404673,solved,0.03440282842005683
unchanged_baseline,2048Q1,2054Q4,28,1.4643389380122223,0.02975697221171251,solved,0.24342390473125014
unchanged_baseline,2049Q1,2054Q4,24,1.490930018257007,0.029938385390241278,solved,0.4514336370643895
unchanged_baseline,2050Q1,2054Q4,20,1.5201071469207934,0.030121083500136474,solved,0.6579014445397955
unchanged_baseline,2051Q1,2054Q4,16,1.5487125589010662,0.03060737158832396,solved,0.8630435511459844
unchanged_baseline,2052Q1,2054Q4,12,1.579940096900604,0.030600335170488442,solved,1.0670402192056025
unchanged_baseline,2053Q1,2054Q4,8,1.6094761863868505,0.03134189578579866,solved,1.2699622471567271
recession_only,2045Q1,2054Q4,40,1.3851108729453743,0.036553067091792374,solved,0.0
recession_only,2046Q1,2054Q4,36,1.4622943732239384,0.03247956648927863,solved,0.0
recession_only,2047Q1,2054Q4,32,1.5137954143792602,0.031213309150127266,solved,0.12235318141192966
recession_only,2048Q1,2054Q4,28,1.542818033767157,0.031403306119819945,solved,0.33124223999847036
recession_only,2049Q1,2054Q4,24,1.57083422392235,0.031594756161772944,solved,0.5395555128740355
recession_only,2050Q1,2054Q4,20,1.6015750579652794,0.03178756221687507,solved,0.7463422991211013
recession_only,2051Q1,2054Q4,16,1.6317135350083152,0.03224772873743272,solved,0.9519731587850373
recession_only,2052Q1,2054Q4,12,1.664614667065376,0.032240315213112505,solved,1.1563696662062535
recession_only,2053Q1,2054Q4,8,1.6957336999090966,0.03302161868100041,solved,1.3595329158811174
rate_only_500bp,2045Q1,2054Q4,40,1.3851108729453743,0.08261882599801419,solved,0.0
rate_only_500bp,2046Q1,2054Q4,36,1.4251782313369272,0.0872896994677253,solved,0.00098919187490791
rate_only_500bp,2047Q1,2054Q4,32,1.4783390987740608,0.09222946401227905,solved,0.3110916642789245
rate_only_500bp,2048Q1,2054Q4,28,1.5421884231403973,0.09745305424424924,solved,0.6094950707961398
rate_only_500bp,2049Q1,2054Q4,24,1.6160639181682692,0.1029798391137435,solved,0.8935893354002086
rate_only_500bp,2050Q1,2054Q4,20,1.7039938524391074,0.1088247587113526,solved,1.162411909803446
rate_only_500bp,2051Q1,2054Q4,16,1.8023166834572866,0.11500568704658862,solved,1.4168569531590984
rate_only_500bp,2052Q1,2054Q4,12,1.9148413979242316,0.12153848043572021,solved,1.6576332776334672
rate_only_500bp,2053Q1,2054Q4,8,2.0352592106079372,0.1284834529386348,solved,1.885264994033442
fiscal_scare_250bp,2045Q1,2054Q4,40,1.3851108729453743,0.06081647868341315,solved,0.0
fiscal_scare_250bp,2046Q1,2054Q4,36,1.4700348134080943,0.06276127567336796,solved,0.001964890631484967
fiscal_scare_250bp,2047Q1,2054Q4,32,1.5353114821463172,0.06472465932099158,solved,0.2576501989439517
fiscal_scare_250bp,2048Q1,2054Q4,28,1.5827309333578214,0.06673918103647238,solved,0.5070115303801211
fiscal_scare_250bp,2049Q1,2054Q4,24,1.6343755001372149,0.0688193164008913,solved,0.7502573441775648
fiscal_scare_250bp,2050Q1,2054Q4,20,1.694062949552293,0.07096611734639167,solved,0.98651678731498
fiscal_scare_250bp,2051Q1,2054Q4,16,1.7580353548580372,0.07318150060669487,solved,1.2156546728460318
fiscal_scare_250bp,2052Q1,2054Q4,12,1.8297934923018129,0.07546639829622646,solved,1.4376909247289935
fiscal_scare_250bp,2053Q1,2054Q4,8,1.9035878252411809,0.07813263017307563,solved,1.6530902898400601
serious_crisis_500bp,2045Q1,2054Q4,40,1.3851108729453743,0.08691036562942221,solved,0.0
serious_crisis_500bp,2046Q1,2054Q4,36,1.4778709887545483,0.09197177033166479,solved,0.11946480704322292
serious_crisis_500bp,2047Q1,2054Q4,32,1.557568512592998,0.09720802670754895,solved,0.43379313146499915
serious_crisis_500bp,2048Q1,2054Q4,28,1.6248397477688878,0.10271358725928091,solved,0.7333032043918541
serious_crisis_500bp,2049Q1,2054Q4,24,1.7026744915046483,0.10853870894856758,solved,1.017370585415584
serious_crisis_500bp,2050Q1,2054Q4,20,1.7953169015228927,0.11469913644721814,solved,1.2861611471395287
serious_crisis_500bp,2051Q1,2054Q4,16,1.8989092003330346,0.121213717447219,solved,1.5405859229532992
serious_crisis_500bp,2052Q1,2054Q4,12,2.017464511687225,0.12809914818975568,solved,1.7810792527053232
serious_crisis_500bp,2053Q1,2054Q4,8,2.1443359402701514,0.13537958334439767,solved,2.008622673484528
loss_of_confidence_1000bp,2045Q1,2054Q4,40,1.3851108729453743,0.13006200530947604,solved,0.0
loss_of_confidence_1000bp,2046Q1,2054Q4,36,1.4938332138590245,0.144609544179511,solved,0.4786648986746527
loss_of_confidence_1000bp,2047Q1,2054Q4,32,1.6043953361189038,0.16045332601099224,solved,0.9508346724926906
loss_of_confidence_1000bp,2048Q1,2054Q4,28,1.7161163916462199,0.1779595782897854,solved,1.3732897283810352
loss_of_confidence_1000bp,2049Q1,2054Q4,24,1.855006922920194,0.19739974031241247,solved,1.7597101613443957
loss_of_confidence_1000bp,2050Q1,2054Q4,20,2.0276325796933405,,no_solution,2.1087568356139283
loss_of_confidence_1000bp,2051Q1,2054Q4,16,2.2315248840658004,,no_solution,2.423586553690082
loss_of_confidence_1000bp,2052Q1,2054Q4,12,2.473638571941437,,no_solution,2.7073926378519793
loss_of_confidence_1000bp,2053Q1,2054Q4,8,2.7473903185695088,,no_solution,2.963327400152438
