debt_gdp_pct,steady_primary_deficit_pct,interest_rate_pct
0.0,0.0,1.9999999999999998
1.0,0.019134615384615385,2.01
2.0,0.038076923076923085,2.0199999999999996
3.0,0.05682692307692308,2.03
4.0,0.07538461538461538,2.0399999999999996
5.0,0.09375000000000001,2.05
6.0,0.11192307692307693,2.0599999999999996
7.000000000000001,0.1299038461538462,2.0699999999999994
8.0,0.14769230769230773,2.0799999999999996
9.0,0.16528846153846155,2.09
10.0,0.18269230769230774,2.0999999999999996
11.0,0.19990384615384618,2.11
12.0,0.21692307692307697,2.1199999999999997
13.0,0.23375000000000007,2.1299999999999994
14.000000000000002,0.2503846153846155,2.1399999999999997
15.0,0.26682692307692313,2.15
16.0,0.2830769230769231,2.1599999999999997
17.0,0.2991346153846155,2.17
18.0,0.31500000000000006,2.1799999999999997
19.0,0.330673076923077,2.1899999999999995
20.0,0.3461538461538462,2.1999999999999997
21.0,0.3614423076923078,2.21
22.0,0.3765384615384616,2.2199999999999998
23.0,0.39144230769230776,2.2299999999999995
24.0,0.40615384615384625,2.2399999999999998
25.0,0.420673076923077,2.2499999999999996
26.0,0.43500000000000005,2.26
27.0,0.4491346153846154,2.2699999999999996
28.000000000000004,0.4630769230769233,2.28
28.999999999999996,0.47682692307692315,2.2899999999999996
30.0,0.4903846153846154,2.3
31.0,0.5037500000000001,2.3099999999999996
32.0,0.5169230769230769,2.32
33.0,0.5299038461538462,2.3299999999999996
34.0,0.5426923076923078,2.34
35.0,0.5552884615384618,2.3499999999999996
36.0,0.5676923076923077,2.3599999999999994
37.0,0.5799038461538463,2.37
38.0,0.591923076923077,2.38
39.0,0.6037500000000001,2.3899999999999997
40.0,0.6153846153846155,2.4
41.0,0.6268269230769232,2.4099999999999997
42.0,0.6380769230769232,2.4199999999999995
43.0,0.6491346153846157,2.4299999999999997
44.0,0.66,2.44
45.0,0.6706730769230771,2.4499999999999997
46.0,0.6811538461538462,2.4599999999999995
47.0,0.691442307692308,2.4699999999999998
48.0,0.7015384615384617,2.4799999999999995
49.0,0.7114423076923078,2.4899999999999998
50.0,0.7211538461538463,2.5
51.0,0.730673076923077,2.51
52.0,0.7400000000000002,2.5199999999999996
53.0,0.7491346153846157,2.53
54.0,0.7580769230769233,2.54
55.00000000000001,0.7668269230769232,2.55
56.00000000000001,0.7753846153846156,2.5599999999999996
57.00000000000001,0.7837500000000003,2.57
57.99999999999999,0.7919230769230771,2.5799999999999996
59.0,0.7999038461538464,2.5899999999999994
60.0,0.8076923076923079,2.5999999999999996
61.0,0.8152884615384617,2.61
62.0,0.8226923076923078,2.6199999999999997
63.0,0.8299038461538464,2.63
64.0,0.8369230769230773,2.6399999999999997
65.0,0.8437500000000002,2.6499999999999995
66.0,0.8503846153846155,2.6599999999999997
67.0,0.8568269230769233,2.67
68.0,0.8630769230769233,2.6799999999999997
69.0,0.8691346153846157,2.6899999999999995
70.0,0.8750000000000004,2.6999999999999997
71.0,0.8806730769230773,2.7099999999999995
72.0,0.8861538461538464,2.7199999999999993
73.0,0.8914423076923078,2.73
74.0,0.8965384615384618,2.7399999999999998
75.0,0.9014423076923079,2.7499999999999996
76.0,0.9061538461538464,2.76
77.0,0.9106730769230773,2.7699999999999996
78.0,0.9150000000000001,2.78
79.0,0.9191346153846156,2.7899999999999996
80.0,0.9230769230769235,2.8
81.0,0.9268269230769233,2.81
82.0,0.9303846153846157,2.8199999999999994
83.0,0.9337500000000002,2.83
84.0,0.9369230769230774,2.8399999999999994
85.0,0.9399038461538464,2.8499999999999996
86.0,0.942692307692308,2.86
87.0,0.945288461538462,2.8699999999999997
88.0,0.947692307692308,2.88
89.0,0.9499038461538467,2.8899999999999997
90.0,0.9519230769230771,2.9
91.0,0.9537500000000004,2.9099999999999997
92.0,0.9553846153846157,2.9199999999999995
93.0,0.9568269230769233,2.93
94.0,0.9580769230769236,2.9399999999999995
95.0,0.9591346153846156,2.9499999999999997
96.0,0.9600000000000004,2.9599999999999995
97.0,0.9606730769230772,2.9699999999999998
98.0,0.9611538461538465,2.9799999999999995
99.0,0.9614423076923081,2.9899999999999998
100.0,0.9615384615384618,3.0
101.0,0.9614423076923083,3.0099999999999993
102.0,0.9611538461538465,3.0199999999999996
103.0,0.9606730769230772,3.03
104.0,0.9600000000000004,3.0399999999999996
105.0,0.9591346153846155,3.05
106.0,0.9580769230769236,3.0599999999999996
107.0,0.9568269230769234,3.07
108.0,0.9553846153846157,3.0799999999999996
109.00000000000001,0.9537500000000004,3.09
110.00000000000001,0.9519230769230771,3.1
111.00000000000001,0.9499038461538467,3.1099999999999994
112.00000000000001,0.9476923076923081,3.1199999999999997
113.00000000000001,0.9452884615384624,3.1299999999999994
114.00000000000001,0.942692307692308,3.1399999999999997
115.00000000000001,0.9399038461538464,3.15
115.99999999999999,0.9369230769230774,3.1599999999999997
117.0,0.9337500000000001,3.17
118.0,0.9303846153846159,3.1799999999999997
119.0,0.9268269230769235,3.19
120.0,0.923076923076923,3.2
121.0,0.9191346153846157,3.2099999999999995
122.0,0.9150000000000001,3.2199999999999998
123.0,0.9106730769230776,3.2299999999999995
124.0,0.9061538461538464,3.2399999999999998
125.0,0.9014423076923076,3.25
126.0,0.896538461538462,3.26
127.0,0.8914423076923078,3.27
128.0,0.8861538461538467,3.2799999999999994
129.0,0.8806730769230772,3.29
130.0,0.8749999999999999,3.3000000000000003
131.0,0.8691346153846159,3.3099999999999996
132.0,0.8630769230769232,3.32
133.0,0.8568269230769235,3.3299999999999996
134.0,0.8503846153846157,3.34
135.0,0.8437499999999999,3.35
136.0,0.8369230769230774,3.36
137.0,0.8299038461538462,3.37
138.0,0.8226923076923083,3.38
139.0,0.8152884615384617,3.39
140.0,0.8076923076923075,3.4000000000000004
141.0,0.7999038461538466,3.4099999999999997
142.0,0.7919230769230777,3.4199999999999995
143.0,0.7837500000000004,3.4299999999999997
144.0,0.7753846153846156,3.44
145.0,0.7668269230769237,3.4499999999999997
146.0,0.7580769230769233,3.46
147.0,0.7491346153846162,3.4699999999999993
148.0,0.7400000000000004,3.4799999999999995
149.0,0.7306730769230769,3.49
150.0,0.7211538461538468,3.4999999999999996
151.0,0.7114423076923079,3.51
152.0,0.7015384615384623,3.5199999999999996
153.0,0.6914423076923081,3.53
154.0,0.6811538461538462,3.54
155.0,0.6706730769230774,3.55
156.0,0.6600000000000001,3.56
157.0,0.6491346153846161,3.5699999999999994
158.0,0.6380769230769234,3.58
159.0,0.626826923076923,3.5900000000000003
160.0,0.615384615384616,3.5999999999999996
161.0,0.6037500000000012,3.6099999999999994
162.0,0.5919230769230777,3.6199999999999997
163.0,0.5799038461538465,3.63
164.0,0.5676923076923075,3.64
165.0,0.5552884615384621,3.65
166.0,0.5426923076923089,3.6599999999999993
167.0,0.5299038461538468,3.6699999999999995
168.0,0.5169230769230772,3.6799999999999997
169.0,0.5037500000000009,3.6899999999999995
170.0,0.4903846153846158,3.6999999999999997
171.0,0.47682692307692415,3.7099999999999995
172.0,0.4630769230769237,3.7199999999999998
173.0,0.44913461538461547,3.73
174.0,0.43500000000000083,3.7399999999999998
175.0,0.42067307692307726,3.75
176.0,0.40615384615384714,3.7599999999999993
177.0,0.39144230769230826,3.7699999999999996
178.0,0.3765384615384616,3.7800000000000002
179.0,0.3614423076923085,3.7899999999999996
180.0,0.3461538461538465,3.8
181.0,0.3306730769230779,3.8099999999999996
182.0,0.3150000000000005,3.82
183.0,0.29913461538461544,3.83
184.0,0.28307692307692384,3.84
185.0,0.2668269230769233,3.85
186.0,0.25038461538461637,3.8599999999999994
187.0,0.23375000000000046,3.8699999999999997
188.0,0.21692307692307683,3.88
189.0,0.19990384615384682,3.8899999999999997
190.0,0.18269230769230788,3.9
191.0,0.16528846153846247,3.9099999999999997
192.0,0.14769230769230807,3.92
193.0,0.129903846153846,3.93
194.0,0.11192307692307754,3.94
195.0,0.09375000000000139,3.9499999999999993
196.0,0.07538461538461623,3.9599999999999995
197.0,0.056826923076923386,3.9699999999999998
198.0,0.03807692307692284,3.9800000000000004
199.0,0.01913461538461593,3.9899999999999998
200.0,1.334402673828313e-15,3.9999999999999996
201.00000000000003,-0.019326923076922287,4.01
202.0,-0.03884615384615361,4.02
203.00000000000003,-0.05855769230769264,4.03
204.0,-0.07846153846153799,4.04
204.99999999999997,-0.09855769230769101,4.05
206.0,-0.11884615384615313,4.06
206.99999999999997,-0.1393269230769229,4.07
208.0,-0.16000000000000042,4.08
209.0,-0.18086538461538282,4.089999999999999
210.0,-0.2019230769230757,4.1
211.0,-0.22317307692307628,4.109999999999999
212.0,-0.24461538461538454,4.12
213.0,-0.2662499999999991,4.13
214.0,-0.28807692307692273,4.14
215.0,-0.3100961538461527,4.1499999999999995
216.0,-0.33230769230769175,4.16
217.0,-0.35471153846153847,4.17
218.00000000000003,-0.37730769230769295,4.180000000000001
219.0,-0.40009615384615216,4.1899999999999995
220.00000000000003,-0.423076923076922,4.199999999999999
