reference_debt_gdp_ratio,closure_start,closure_end,target_definition,rate_response_regime,rate_response_assumption,status,additional_cumulative_price_change,total_annualized_inflation,terminal_debt_gdp_ratio,cumulative_interest_difference_billions
1.2,2037Q2,2047Q1,endpoint no higher than starting ratio,no_additional_rate_response,Isolation experiment: no additional interest-rate response.,solved,0.22023615454981116,0.06146220577222761,1.2031064298841856,1696.1927948556258
1.2,2037Q2,2047Q1,endpoint no higher than starting ratio,one_for_one_contemporaneous,"contemporaneous pass-through; beta bills=1, intermediate=1, long=1.",no_solution,,0.1642978617699684,1.3437112217026013,80689.10217755938
1.2,2037Q2,2047Q1,endpoint no higher than starting ratio,one_for_one_lagged_8q,"lagged 8q pass-through; beta bills=1, intermediate=1, long=1.",no_solution,,0.23125648932608667,1.2944715549460393,130340.66838757067
1.4,2045Q4,2055Q3,endpoint no higher than starting ratio,no_additional_rate_response,Isolation experiment: no additional interest-rate response.,solved,0.2318142089092894,0.06348550942070053,1.4038145849611467,3073.296566182311
1.4,2045Q4,2055Q3,endpoint no higher than starting ratio,one_for_one_contemporaneous,"contemporaneous pass-through; beta bills=1, intermediate=1, long=1.",no_solution,,0.1240696137520465,1.6221381098319252,87941.75409293
1.4,2045Q4,2055Q3,endpoint no higher than starting ratio,one_for_one_lagged_8q,"lagged 8q pass-through; beta bills=1, intermediate=1, long=1.",no_solution,,0.23127570350983828,1.5159651093410347,204816.02240603135
1.6,2052Q4,2056Q3,endpoint no higher than starting ratio,no_additional_rate_response,Isolation experiment: no additional interest-rate response.,solved,0.08671440698746997,0.04150303485611495,1.6020416563822353,1281.0237024464623
1.6,2052Q4,2056Q3,endpoint no higher than starting ratio,one_for_one_contemporaneous,"contemporaneous pass-through; beta bills=1, intermediate=1, long=1.",solved,0.15859552862509216,0.05831425431922099,1.6020416580199488,12442.897046889586
1.6,2052Q4,2056Q3,endpoint no higher than starting ratio,one_for_one_lagged_8q,"lagged 8q pass-through; beta bills=1, intermediate=1, long=1.",solved,0.10437082746273675,0.0457079628845003,1.6020416611826485,4022.7555822572613
