scenario,inflation_ceiling,sustained_breach_quarters,first_inflation_ceiling_breach,first_sustained_inflation_ceiling_breach,inflation_ceiling_breached,inflation_ceiling_breached_sustained,peak_inflation_rate,terminal_inflation_rate,terminal_four_quarter_inflation_change,peak_policy_rate,peak_short_issuance_rate,terminal_debt_gdp_ratio,terminal_four_quarter_debt_gdp_change,minimum_output_gap,maximum_output_gap,peak_gross_issuance_gdp_ratio_annualized,peak_interest_gdp_ratio_annualized,peak_total_deficit_gdp_ratio_annualized,peak_incremental_cash_interest_billions,cumulative_incremental_cash_interest_billions,rate_bound_ever_binding,interest_income_domestic_demand_fraction,fed_inflation_response,simulation_completed,simulation_error,strict_ceiling_defended,sustained_ceiling_defended,maximum_absolute_debt_identity_residual_billions,terminal_four_quarter_inflation_deviation_change,terminal_inflation_pressure_nonincreasing,terminal_debt_gdp_nonincreasing,peak_inflation_deviation_from_reference,terminal_inflation_deviation_from_reference,peak_debt_gdp_gap_from_reference_percentage_points,terminal_debt_gdp_gap_from_reference_percentage_points,first_positive_debt_yield_feedback,peak_debt_yield_long_adjustment_basis_points,terminal_debt_yield_long_adjustment_basis_points
demand_0.0000_phi_0.0,0.04,4.0,,,False,False,0.0237410866024292,0.0181949667046853,0.0006256618827336,0.03278,0.0827799999999999,2.6441269084707386,0.0418812450277998,-0.0047130914231385,0.0,2.542450104087172,0.1375298990573381,0.1583738514351786,1063.9831557123805,76419.5911090661,False,0.0,0.0,True,,True,True,2.9103830456733704e-11,-1.6850688052247017e-05,True,False,,,,,,,
demand_0.0000_phi_0.5,0.04,4.0,,,False,False,0.0237410866024292,0.0198259318717164,0.0006700779632215,0.03278,0.0827799999999999,2.565294442484282,0.0371206518085815,-0.0047051326666876,0.0,2.4632371215095703,0.1360589009918632,0.1566897042600498,1048.6743599260897,73738.54555765327,False,0.0,0.5,True,,True,True,2.9103830456733704e-11,2.7565392435652996e-05,False,False,,,,,,,
demand_0.0000_phi_1.0,0.04,4.0,,,False,False,0.0237410866024292,0.0203729323005203,0.0006610536886683,0.03278,0.0827799999999999,2.5311441897514784,0.0360338902796555,-0.0047051326666876,0.0002462383237086,2.429111424369794,0.1350265464040625,0.155525861205874,1038.151445687732,72718.26261671548,False,0.0,1.0,True,,True,True,2.9103830456733704e-11,1.8541117882452996e-05,False,False,,,,,,,
demand_0.0000_phi_1.5,0.04,4.0,,,False,False,0.0237410866024292,0.0205358210838193,0.0006500623637098,0.03278,0.0827799999999999,2.515566120333184,0.0358790205733035,-0.0047051326666876,0.0005525453689678,2.4135916647413915,0.1343338072497345,0.1547628318743076,1031.341249975634,72331.88302270921,False,0.0,1.5,True,,True,True,2.9103830456733704e-11,7.549792923952983e-06,False,False,,,,,,,
demand_0.0000_phi_2.0,0.04,4.0,,,False,False,0.0237410866024292,0.0205774563374586,0.0006447250563267,0.03278,0.0827799999999999,2.507813987683539,0.0358938147818501,-0.0047051326666876,0.0008589904206236,2.405882301811044,0.1338980521528347,0.1543005944865307,1027.338808463094,72175.59678987827,False,0.0,2.0,True,,True,True,2.9103830456733704e-11,2.212485540852992e-06,False,False,,,,,,,
demand_0.0000_phi_2.5,0.04,4.0,,,False,False,0.0237410866024292,0.0205861165299761,0.0006429696218712,0.03278,0.0827799999999999,2.5034978491909623,0.0359118863952026,-0.0047051326666876,0.0011625504785624,2.40160328509656,0.1336506807165064,0.1540559898326398,1025.3866212288503,72101.91701874472,False,0.0,2.5,True,,True,True,2.9103830456733704e-11,4.5705108535300156e-07,False,False,,,,,,,
demand_0.0000_phi_3.0,0.04,4.0,,,False,False,0.0237410866024292,0.0205874543537348,0.000642570669409,0.03278,0.0827799999999999,2.500822052510688,0.035916710080893,-0.0047051326666876,0.001484525844152,2.3989669608548647,0.133535245390816,0.1539606162864535,1024.8574953133034,72060.82481875214,False,0.0,3.0,True,,True,True,2.9103830456733704e-11,5.8098623152984426e-08,False,False,,,,,,,
demand_0.0000_phi_4.0,0.04,4.0,,,False,False,0.0237410866024292,0.0205875873510602,0.0006425125763761,0.03278,0.0827799999999999,2.497745299250378,0.0359121311760066,-0.0047051326666876,0.002118017094934,2.3959741847999223,0.1335262892406206,0.1540075858725945,1026.1262446388585,72020.19760509614,False,0.0,4.0,True,,True,True,2.9103830456733704e-11,5.590252978408816e-12,False,False,,,,,,,
demand_0.0000_phi_5.0,0.04,4.0,,,False,False,0.0237410866024292,0.0205875873591386,0.0006425125725451,0.03278,0.0827799999999999,2.496060153588875,0.0359051498262821,-0.0047051326666876,0.0027299757159214,2.3943578256637643,0.1336107545735434,0.1541295099572049,1028.228387761889,72003.8022851221,False,0.0,5.0,True,,True,True,2.9103830456733704e-11,1.7592530080282054e-12,False,False,,,,,,,
demand_0.0000_phi_6.0,0.04,4.0,,,False,False,0.0237410866024292,0.020587587346979,0.000642512682963,0.03278,0.0827799999999999,2.494924715143188,0.0358978558926126,-0.0047051326666876,0.0033203893840113,2.393253236256398,0.1336464801184403,0.1541612557859316,1029.568858813393,71989.12269943881,False,0.0,6.0,True,,True,True,2.9103830456733704e-11,1.1217715298328379e-10,False,False,,,,,,,
demand_0.0000_phi_8.0,0.04,4.0,,,False,False,0.0237410866024292,0.0205875856447608,0.0006425215814617,0.0342750639753935,0.0842750639753935,2.4927606807706746,0.0358832260347816,-0.0047051326666876,0.0044365343598664,2.390988886796104,0.1334376623124276,0.1538358746293747,1028.482157299929,71897.82003332114,False,0.0,8.0,True,,True,True,2.9103830456733704e-11,9.010675853030059e-09,False,False,,,,,,,
demand_0.0000_phi_12.0,0.04,4.0,,,False,False,0.0237410866024292,0.0205873545370563,0.0006469945137154,0.0412539718493193,0.0912539718493193,2.4861284198254965,0.0358224197806986,-0.0047051326666876,0.0064097822188165,2.384155764600644,0.133650354781786,0.1541699963251599,1031.2865665906363,71385.58358211687,False,0.0,12.0,True,,True,True,2.9103830456733704e-11,4.481942929552988e-06,False,False,,,,,,,
demand_0.0500_phi_0.0,0.04,4.0,2056Q1,,True,False,0.040548860177133,0.040548860177133,0.0010767407025249,0.0353510893502257,0.0850014704408639,2.000629651834652,0.0012648158819299,-0.0034088932684301,0.0084270417808937,1.900266346546158,0.1369555939562879,0.1537808059832587,1084.83832233951,72249.8548639653,False,0.05,0.0,True,,False,True,2.9103830456733704e-11,0.0004342281317390531,False,False,,,,,,,
demand_0.0500_phi_0.5,0.04,4.0,,,False,False,0.0341532584674797,0.0341532584674797,0.0007566568295868,0.0403974180830346,0.0870266375021785,2.240501938237108,0.0207602201335883,-0.0034088923073139,0.0076357314228272,2.1295212890963784,0.1384778485882721,0.1556285212217514,1102.9798856072175,88337.8248901483,False,0.05,0.5,True,,True,True,2.9103830456733704e-11,0.00011414425880095305,False,False,,,,,,,
demand_0.0500_phi_1.0,0.04,4.0,,,False,False,0.0305134865634916,0.0303845020347284,0.0006645918213962,0.0426152150191937,0.0889249683180911,2.4161829164238173,0.033296879654916,-0.0034088913461978,0.0068832200580347,2.30507495205838,0.1399997822284813,0.1574636350474015,1333.08186992141,99309.9441082117,False,0.05,1.0,True,,True,True,5.820766091346741e-11,2.2079250610353043e-05,False,False,,,,,,,
demand_0.0500_phi_1.5,0.04,4.0,,,False,False,0.0291025562525044,0.0280943295738213,0.0006545542822448,0.044286581456883,0.0906719415096985,2.544791108501372,0.0413639634033775,-0.0034088903850816,0.0061805902885644,2.4340488567941407,0.1414926786704638,0.1592522952142882,1523.5291134985598,106893.40146925428,False,0.05,1.5,True,,True,True,5.820766091346741e-11,1.2041711458953019e-05,False,False,,,,,,,
demand_0.0500_phi_2.0,0.04,4.0,,,False,False,0.028001209784674,0.0266448542872172,0.0006674974172845,0.045822457833956,0.0922510666918411,2.6402148796529814,0.0467597935751809,-0.0034088894239654,0.0055358053351756,2.529649615603318,0.1429329184861578,0.1609669584661009,1648.6333486499009,112267.09949185804,False,0.05,2.0,True,,True,True,5.820766091346741e-11,2.4984846498652996e-05,False,False,,,,,,,
demand_0.0500_phi_2.5,0.04,4.0,,,False,False,0.0270932847103634,0.0256811290449091,0.0006822250524723,0.0469585310993765,0.0936530322151086,2.7125633129482813,0.0505959516096878,-0.0034088884628493,0.0049556404955748,2.602131163854671,0.1443016320739101,0.1625859459211634,1737.2098870242344,116199.18052108795,False,0.05,2.5,True,,True,True,2.9103830456733704e-11,3.9712481686453e-05,False,False,,,,,,,
demand_0.0500_phi_3.0,0.04,4.0,,,False,False,0.0263395589238375,0.0250052483442669,0.0006929361781288,0.0478161802259763,0.0948748846316217,2.7688100381446183,0.0535059883494137,-0.0034088875017331,0.0044524228033258,2.658517790743456,0.1455843719967817,0.1640930183215903,1804.4905174815,119177.89334597644,False,0.05,3.0,True,,True,True,5.820766091346741e-11,5.042360734295302e-05,False,False,,,,,,,
demand_0.0500_phi_4.0,0.04,4.0,,,False,False,0.0252801977342385,0.0241207610344766,0.0007025547564344,0.0491049355640406,0.0967935356771726,2.8502172084578503,0.0577799607359454,-0.0034088855795008,0.0039946679968019,2.740243548305429,0.1478543346277901,0.1667311678568928,1903.3759003931248,123390.78354258952,False,0.05,4.0,True,,True,True,5.820766091346741e-11,6.0042185648553014e-05,False,False,,,,,,,
demand_0.0500_phi_5.0,0.04,4.0,,,False,False,0.0245093513221122,0.0235576999404976,0.0007038401450097,0.0501720234755324,0.098081475001846,2.906331886911819,0.0608862633107674,-0.0034088836572685,0.0043604739240784,2.796679081789505,0.1497035038508151,0.1698971671074264,1974.74231768206,126246.03461711534,False,0.05,5.0,True,,True,True,5.820766091346741e-11,6.132757422385295e-05,False,False,,,,,,,
demand_0.0500_phi_6.0,0.04,4.0,,,False,False,0.0239395809726364,0.0231599461110865,0.0007022445130451,0.0509405254134048,0.0988680158782599,2.9473495708892985,0.0632831598920806,-0.0034088817350361,0.0047123407013257,2.8379740263418936,0.1514898128581716,0.1727446862842634,2028.962335755436,128308.1038131209,False,0.05,6.0,True,,True,True,5.820766091346741e-11,5.973194225925298e-05,False,False,,,,,,,
demand_0.0500_phi_8.0,0.04,4.0,,,False,False,0.0237410866024292,0.0226246873712543,0.0006964644881276,0.0520736390206327,0.0996086559585645,3.002399201490583,0.0667150949382735,-0.0034088778905715,0.0053742217797487,2.8933972619406805,0.1553822039988837,0.1767295775761492,2103.6911073278275,130984.25139437536,False,0.05,8.0,True,,True,True,5.820766091346741e-11,5.3951917341753014e-05,False,False,,,,,,,
demand_0.0500_phi_12.0,0.04,4.0,,,False,False,0.0237410866024292,0.0220213766242198,0.0006834042654802,0.0552778362674818,0.1025234732646783,3.05658659100396,0.0704433005296167,-0.0034088702016421,0.0066203312073942,2.948134514210538,0.159303527011905,0.1807609696548288,2174.7161763168792,133193.0108700762,False,0.05,12.0,True,,True,True,5.820766091346741e-11,4.089169469435297e-05,False,False,,,,,,,
demand_0.0600_phi_0.0,0.04,4.0,2048Q2,2050Q1,True,True,0.0445019495039157,0.0445019495039157,0.0011035803956276,0.0361380142486834,0.0858418332926625,1.8988767106524551,-0.0036302306706736,-0.0031497823868913,0.0102473966277541,1.82733682690936,0.1368221488837028,0.1528587420279256,1088.824822784758,70907.08059094293,False,0.06,0.0,True,,False,False,5.820766091346741e-11,0.00046106782484175296,False,True,,,,,,,
demand_0.0600_phi_0.5,0.04,4.0,,,False,False,0.0372472328781701,0.0372472328781701,0.0007744369349631,0.0424892711528235,0.0884116924577591,2.1783111176020737,0.0178299013667446,-0.0031497810032026,0.0092566111606564,2.066884213197955,0.1389384504768549,0.1553839225503488,1113.9346529275224,91570.98291942084,False,0.06,0.5,True,,True,True,5.820766091346741e-11,0.00013192436417725298,False,False,,,,,,,
demand_0.0600_phi_1.0,0.04,4.0,,,False,False,0.0330130765090962,0.0330130765090962,0.0006953697428057,0.0457377106933328,0.0907730770648413,2.3897287422835736,0.032517280403983,-0.0031497796195139,0.0083382426129323,2.2769117126055014,0.1409865147227848,0.157814986012046,1515.7502177309432,106163.10755020956,False,0.06,1.0,True,,True,True,5.820766091346741e-11,5.285717201985302e-05,False,False,,,,,,,
demand_0.0600_phi_1.5,0.04,4.0,,,False,False,0.031015356273731,0.0304357573272744,0.0006998301605909,0.0476675814649787,0.0929145298713845,2.5499241215513604,0.0426925944667901,-0.0031497782358252,0.0074977558302477,2.4376569852858303,0.1429462759467382,0.1601288888911382,1798.0466245871262,116666.87229487504,False,0.06,1.5,True,,True,True,5.820766091346741e-11,5.7317589805052976e-05,False,False,,,,,,,
demand_0.0600_phi_2.0,0.04,4.0,,,False,False,0.0296768930270823,0.0287860569053057,0.0007242889384473,0.0494244082724636,0.0948309339246964,2.6730601277406807,0.0500707404461948,-0.0031497768521364,0.006738192332639,2.561200577403115,0.1448017350893828,0.1637158414786532,1999.3158575462348,124440.12932654069,False,0.06,2.0,True,,True,True,5.820766091346741e-11,8.177636766145302e-05,False,False,,,,,,,
demand_0.0600_phi_2.5,0.04,4.0,,,False,False,0.0285968768819025,0.0276694376566523,0.0007474482704749,0.050871671633441,0.0965227892086375,2.769694814343461,0.0557388685014124,-0.0031497754684477,0.0060604453361835,2.6582212720598783,0.150134230998812,0.1706164882049593,2152.6375385430388,130376.39828523788,False,0.06,2.5,True,,True,True,5.820766091346741e-11,0.00010493569968905302,False,False,,,,,,,
demand_0.0600_phi_3.0,0.04,4.0,,,False,False,0.0277003175651788,0.0268697656859855,0.0007642113838572,0.0519605740456948,0.0979955189906142,2.8472749594512523,0.0603321679381521,-0.003149774084759,0.0054680124127137,2.73620444549112,0.1557595733026078,0.1763285674679494,2276.02483915666,135053.59175935818,False,0.06,3.0,True,,True,True,5.820766091346741e-11,0.00012169881307135303,False,False,,,,,,,
demand_0.0600_phi_4.0,0.04,4.0,,,False,False,0.0263853941666964,0.0257916898092654,0.0007811342169492,0.0534956060057752,0.1003259615757336,2.964195093163976,0.0675773743945011,-0.0031497713173815,0.0045182658759137,2.853976416538421,0.1647345828288311,0.1854319329361301,2468.2485982399894,141991.0455936651,False,0.06,4.0,True,,True,True,5.820766091346741e-11,0.00013862164616335298,False,False,,,,,,,
demand_0.0600_phi_5.0,0.04,4.0,,,False,False,0.0254610086529142,0.0250799388894922,0.000785700585566,0.0547964948250755,0.1019396652704748,3.0485539510090485,0.0732196097311859,-0.0031497685500041,0.0047074096861866,2.9391769566304946,0.1716931280203897,0.192487728464872,2614.9294317403105,146939.80774751445,False,0.06,5.0,True,,True,True,5.820766091346741e-11,0.00014318801478015294,False,False,,,,,,,
demand_0.0600_phi_6.0,0.04,4.0,,,False,False,0.0247702608287482,0.024561484241235,0.0007850416820894,0.0558197296924343,0.1029935045015937,3.112513952341158,0.0778024719844987,-0.0031497657826266,0.0050146315479463,3.0039072651630905,0.1772710623122167,0.1981442948031166,2731.469431037907,150661.8783905051,False,0.06,6.0,True,,True,True,5.820766091346741e-11,0.00014252911130355303,False,False,,,,,,,
demand_0.0600_phi_8.0,0.04,4.0,,,False,False,0.023885933748829,0.0238368368275663,0.0007776051168484,0.0577080021502392,0.1041468079768887,3.202367300941099,0.0847750630977794,-0.0031497602478717,0.005591227740892,3.0950111203478103,0.1855556322398318,0.2065520234502822,2902.500941160624,155784.51020314652,False,0.06,8.0,True,,True,True,5.820766091346741e-11,0.000135092546062553,False,False,,,,,,,
demand_0.0600_phi_12.0,0.04,4.0,,,False,False,0.0237410866024292,0.0229726691209015,0.0007553741256082,0.0608946344357504,0.1074267277976898,3.299408899505274,0.0932426559898398,-0.0031497491783619,0.0067033200876818,3.1939099562938043,0.1950687488176579,0.2162339256551547,3092.4660005901483,160832.62667265884,False,0.06,12.0,True,,True,True,5.820766091346741e-11,0.00011286155482235301,False,False,,,,,,,
demand_0.0700_phi_0.0,0.04,4.0,2043Q4,2045Q1,True,True,0.0482892213312138,0.0482892213312138,0.0011117286582717,0.0370235512263272,0.0866801971058196,1.804427300459616,-0.0077507303941661,-0.0028907170133495,0.0120616081983511,1.770784818585436,0.1366826723795593,0.1519358453848667,1092.7474789722844,69387.29958152234,False,0.07,0.0,True,,False,False,2.9103830456733704e-11,0.00046921608748585293,False,True,,,,,,,
demand_0.0700_phi_0.5,0.04,4.0,2056Q1,,True,False,0.0404059193788866,0.0404059193788866,0.0007912234109128,0.0446215788613218,0.0898045543439938,2.117230321505631,0.0150313903686236,-0.0028907151304286,0.0108893326947653,2.0053578961761445,0.1393910753103673,0.1551286540497105,1163.7860124954695,94906.11142273944,False,0.07,0.5,True,,False,True,5.820766091346741e-11,0.00014871084012695295,False,False,,,,,,,
demand_0.0700_phi_1.0,0.04,4.0,,,False,False,0.0358790194989458,0.0358790194989458,0.0007396844662186,0.0491622880664557,0.0926424282319089,2.36210269370668,0.0316533082105272,-0.0028907132475077,0.0098198091125746,2.2476319416470134,0.1419698778466539,0.1581538103102821,1724.9383073757183,113647.787626491,False,0.07,1.0,True,,True,True,5.820766091346741e-11,9.717189543275296e-05,False,False,,,,,,,
demand_0.0700_phi_1.5,0.04,4.0,,,False,False,0.0331460722118987,0.0331460722118987,0.0007713325593848,0.0523114131538372,0.0951945335167137,2.554580481428999,0.0440832274430831,-0.0028907113645868,0.0088533646664187,2.4409500069023378,0.1444061475540788,0.1633664288680833,2130.803634270564,127758.30845456042,False,0.07,1.5,True,,True,True,5.820766091346741e-11,0.00012881998859895299,False,False,,,,,,,
demand_0.0700_phi_2.0,0.04,4.0,,,False,False,0.0314644877105807,0.0313977826323096,0.0008186982043238,0.0548706234199631,0.0974663630011297,2.70827573721952,0.0538713585714019,-0.002890709481666,0.0079885556997208,2.595483359963504,0.1562168672704998,0.1759999050629553,2445.055790824336,138707.3518328161,False,0.07,2.0,True,,True,True,5.820766091346741e-11,0.00017618563353795304,False,False,,,,,,,
demand_0.0700_phi_2.5,0.04,4.0,,,False,False,0.0302240589356973,0.0302077058748625,0.0008606106128804,0.057146444537306,0.0994675838966246,2.8335369016706338,0.062007268908454,-0.0028907075987451,0.0072223992362005,2.721656161926616,0.1668831106005631,0.1867564062905097,2702.9479002671887,147468.0304918295,False,0.07,2.5,True,,True,True,5.820766091346741e-11,0.000218098042094553,False,False,,,,,,,
demand_0.0700_phi_3.0,0.04,4.0,,,False,False,0.0293469019356187,0.0293469019356187,0.0008927998342018,0.0592497648490391,0.1012114616388993,2.937786671926579,0.0690693552582484,-0.0028907057158242,0.0065505898173663,2.8269005476217126,0.1762543879778972,0.1961894997599662,2923.863667178058,154677.81845470192,False,0.07,3.0,True,,True,True,5.820766091346741e-11,0.000250287263415953,False,False,,,,,,,
demand_0.0700_phi_4.0,0.04,4.0,,,False,False,0.0281648637381691,0.0281648637381691,0.0009332580042201,0.0630704959942651,0.1039949752840336,3.102532982423448,0.0811407632386993,-0.0028907019499825,0.0054742142337508,2.9938056663512627,0.1922654621621504,0.2122912027293159,3293.6362723191087,165980.39923256056,False,0.07,4.0,True,,True,True,5.820766091346741e-11,0.00029074543343425303,False,False,,,,,,,
demand_0.0700_phi_5.0,0.04,4.0,,,False,False,0.027362014567782,0.027362014567782,0.0009543890584891,0.0664488858683811,0.1059748166264862,3.2282729291557763,0.0913753518363886,-0.0028906981841407,0.005061332948147,3.121778915528709,0.2056627103562834,0.2257604167033277,3598.5028474078254,174569.77274661846,False,0.07,5.0,True,,True,True,5.820766091346741e-11,0.000311876487703253,False,False,,,,,,,
demand_0.0700_phi_6.0,0.04,4.0,,,False,False,0.0267595923779242,0.0267595923779242,0.0009654158384489,0.0694399741381674,0.1073341398535945,3.328243901254952,0.1002729645246645,-0.0028906944182989,0.005324954092496,3.2239321866913,0.2171178273004957,0.2372780734776299,3856.905993997376,181379.448383614,False,0.07,6.0,True,,True,True,5.820766091346741e-11,0.000322903267663053,False,False,,,,,,,
demand_0.0700_phi_8.0,0.04,4.0,,,False,False,0.0258795857924675,0.0258795857924675,0.0009716624817681,0.0744396109858372,0.108968903275622,3.477317552964924,0.1149803933213218,-0.0028906868866154,0.0058181786173267,3.376986957396887,0.2356062160323286,0.2558767606063386,4269.645640728269,191432.24148116272,False,0.07,8.0,True,,True,True,5.820766091346741e-11,0.000329149910982253,False,False,,,,,,,
demand_0.0700_phi_12.0,0.04,4.0,,,False,False,0.0247413419690575,0.0247413419690575,0.0009545056815806,0.0814458345935572,0.1127356937293146,3.656453727607444,0.1354798650328672,-0.0028906718232484,0.0067981532860548,3.562596587791128,0.2602583765514086,0.2807206364372688,4808.075761195202,202969.6001127389,False,0.07,12.0,True,,True,True,5.820766091346741e-11,0.00031199311079475303,False,False,,,,,,,
demand_0.0800_phi_0.0,0.04,4.0,2041Q3,2043Q1,True,True,0.051914172090461,0.051914172090461,0.0011022559975004,0.0379062466521661,0.0875164630197997,1.7166879456007478,-0.0111952001327104,-0.0026316970802396,0.0138694180166844,1.7350436256162505,0.1365372360678725,0.1510122504374783,1096.6053175731504,67687.98915761542,False,0.08,0.0,True,,False,False,5.820766091346741e-11,0.0004597434267145531,False,True,,,,,,,
demand_0.0800_phi_0.5,0.04,4.0,2045Q2,2047Q2,True,True,0.0436236152665488,0.0436236152665488,0.0008064693626915,0.0467894286101252,0.0912050745101254,2.05732859545709,0.0123703470065588,-0.0026316946214797,0.0125335855782768,1.9450093316256725,0.1398356237459271,0.154862774971039,1237.6069231111264,98341.0733874773,False,0.08,0.5,True,,False,False,5.820766091346741e-11,0.00016395679190565296,False,False,,,,,,,
demand_0.0800_phi_1.0,0.04,4.0,,,False,False,0.0389934976746482,0.0389934976746482,0.0007990019309004,0.0529048219382379,0.0945329470948313,2.3333173519524046,0.0307045778784589,-0.0026316921627198,0.0113278156102825,2.217256376458631,0.1429495576936813,0.1584799240454616,1964.3228953131093,121825.65417872732,False,0.08,1.0,True,,True,True,2.9103830456733704e-11,0.00015648936011455298,False,False,,,,,,,
demand_0.0800_phi_1.5,0.04,4.0,,,False,False,0.0362727291026568,0.0362727291026568,0.0008757059676445,0.0577082146673717,0.0975121054708725,2.55863869562482,0.045525136845292,-0.00263168970396,0.0102477127676363,2.44385498374068,0.1538318726552111,0.1727860151930135,2535.175599040593,140383.62063955475,False,0.08,1.5,True,,True,True,5.820766091346741e-11,0.00023319339685865296,False,False,,,,,,,
demand_0.0800_phi_2.0,0.04,4.0,,,False,False,0.0345772954674106,0.0345772954674106,0.0009651611008506,0.0620063019762146,0.100157907812375,2.745944176892475,0.0582134072713658,-0.0026316872452001,0.0092877302138186,2.6327341568687284,0.1716982506018548,0.1907126303859575,3015.8426891831496,155539.00929579756,False,0.08,2.0,True,,True,True,5.820766091346741e-11,0.000322648530064753,False,False,,,,,,,
demand_0.0800_phi_2.5,0.04,4.0,,,False,False,0.0334518615489568,0.0334518615489568,0.001046043171005,0.0660906717262693,0.1024885542938003,2.904953708584655,0.0696377140363417,-0.0026316847864402,0.0084413549972455,2.793643946438324,0.1880876385621171,0.2070979467599866,3441.9681902162824,168297.75576203805,False,0.08,2.5,True,,True,True,5.820766091346741e-11,0.00040353060021915306,False,False,,,,,,,
demand_0.0800_phi_3.0,0.04,4.0,,,False,False,0.0326566361921653,0.0326566361921653,0.001114602333809,0.0700573791469355,0.1045246204635161,3.0426834855591944,0.0802890782803031,-0.0026316823276804,0.0077012787680586,2.933575267052557,0.2034275721042214,0.2224093383566993,3832.7740264729055,179319.94131855527,False,0.08,3.0,True,,True,True,5.820766091346741e-11,0.0004720897630231531,False,False,,,,,,,
demand_0.0800_phi_4.0,0.04,4.0,,,False,False,0.0315953847338998,0.0315953847338998,0.0012216537349695,0.0777254316477473,0.107804561398624,3.272677352333849,0.1002030603277441,-0.0026316774101606,0.0065077413761758,3.168689914293892,0.2318855742401861,0.2507882442677268,4545.947538879658,197757.1708633865,False,0.08,4.0,True,,True,True,5.820766091346741e-11,0.000579141164183653,False,False,,,,,,,
demand_0.0800_phi_5.0,0.04,4.0,,,False,False,0.0308945817294651,0.0308945817294651,0.0013027109612873,0.0850577297555066,0.1101936282897757,3.460687587800864,0.118894303937914,-0.0026316724926409,0.0065775566279221,3.362483781045767,0.2581558640366392,0.2769738432724482,5196.522751273306,212911.8422901404,False,0.08,5.0,True,,True,True,5.820766091346741e-11,0.0006601983905014531,False,False,,,,,,,
demand_0.0800_phi_6.0,0.04,4.0,,,False,False,0.030375235375016,0.030375235375016,0.0013680041827596,0.0920566794558944,0.1118998402985986,3.619662676958309,0.1366290236991973,-0.0026316675751212,0.0067628258416144,3.527637803422747,0.2826887040462386,0.3014244133084048,5799.818467041239,225789.77650584863,False,0.08,6.0,True,,True,True,5.820766091346741e-11,0.0007254916119737529,False,False,,,,,,,
demand_0.0800_phi_8.0,0.04,4.0,,,False,False,0.0296088645046788,0.0296088645046788,0.0014678778475687,0.105057189292259,0.1140921917100497,3.876788520055497,0.1694685693976896,-0.0026316577400817,0.0070909944056326,3.7976081605818,0.3272592770918535,0.3458493353083364,6887.285817019587,246658.99063613013,False,0.08,8.0,True,,True,True,5.820766091346741e-11,0.0008253652767828529,False,False,,,,,,,
demand_0.0800_phi_12.0,0.04,4.0,,,False,False,0.0285312564636561,0.0285312564636561,0.0015851250359823,0.1271508917117321,0.1271508917117321,4.233862135452858,0.2249618624153209,-0.0026316380700027,0.0075132985715198,4.179937426090236,0.4005095998676191,0.4189123664496457,8649.230942434328,275275.03978104563,False,0.08,12.0,True,,True,True,5.820766091346741e-11,0.000942612465196453,False,False,,,,,,,
demand_0.0900_phi_0.0,0.04,4.0,2041Q1,2041Q1,True,True,0.0553804879498151,0.0553804879498151,0.0010762219477805,0.0387859830036507,0.0883505329067942,1.635118062908088,-0.0140500045595273,-0.0023921569008901,0.0156705704354515,1.7072567441470168,0.1363859123239823,0.150088090353359,1100.3973792765155,65806.938282645,False,0.09,0.0,True,,False,False,5.820766091346741e-11,0.00043370937699465295,False,True,,,,,,,
demand_0.0900_phi_0.5,0.04,4.0,2041Q3,2043Q1,True,True,0.0468943098872976,0.0468943098872976,0.0008196155184977,0.0489876850964361,0.0926131015298184,1.9986684492365767,0.0098513234501305,-0.0023921569008901,0.0141890531397326,1.8858993461904536,0.1402719999676443,0.1545863488870961,1314.0357453076654,101873.1434957691,False,0.09,0.5,True,,False,False,5.820766091346741e-11,0.00017710294771185295,False,False,,,,,,,
demand_0.0900_phi_1.0,0.04,4.0,2048Q1,2048Q1,True,True,0.0423668212136029,0.0423668212136029,0.000874714492054,0.0569800522903209,0.0964445509034174,2.303396787897268,0.029672317955379,-0.0023921569008901,0.0128621421103821,2.185816786912658,0.1439252405857394,0.1587931500152597,2238.065875965097,130764.40188621703,False,0.09,1.0,True,,False,False,5.820766091346741e-11,0.00023220192126815304,False,False,,,,,,,
demand_0.0900_phi_1.5,0.04,4.0,,,False,False,0.0398673926723861,0.0398673926723861,0.0010206146584415,0.0639584921510752,0.0998673859006657,2.561970314370332,0.0470056574318769,-0.0023921569008901,0.0116810751484853,2.446298981745448,0.1652750121077134,0.1834093901257053,3027.922920978977,154800.59063624192,False,0.09,1.5,True,,True,True,5.820766091346741e-11,0.0003781020876556531,False,False,,,,,,,
demand_0.0900_phi_2.0,0.04,4.0,,,False,False,0.0384409869085412,0.0384409869085412,0.0011824882743355,0.0707468685931355,0.1029061074187976,2.786126432010564,0.0631491653017874,-0.0023921569008901,0.0106365334415086,2.6732143072832018,0.1903441673296152,0.2083446453419598,3752.776733884225,175538.7232571319,False,0.09,2.0,True,,True,True,5.820766091346741e-11,0.000539975703549653,False,False,,,,,,,
demand_0.0900_phi_2.5,0.04,4.0,,,False,False,0.0376045627248485,0.0376045627248485,0.0013389923650833,0.0776337280642284,0.1055868270199475,2.984905480469111,0.078911069363837,-0.0023921569008901,0.0097187773792594,2.875644198575116,0.2151029494052722,0.2328917620387012,4449.889395860389,193996.30590760263,False,0.09,2.5,True,,True,True,5.820766091346741e-11,0.000696479794297453,False,False,,,,,,,
demand_0.0900_phi_3.0,0.04,4.0,,,False,False,0.0371076599986495,0.0371076599986495,0.0014869016615947,0.0847111114420971,0.1079369033171058,3.164816956181116,0.0947404222198158,-0.0023921569008901,0.0094651123396622,3.0600881185532782,0.2399468354970292,0.2574860097229656,5139.398046888167,210836.3596153562,False,0.09,3.0,True,,True,True,5.820766091346741e-11,0.0008443890908088529,False,False,,,,,,,
demand_0.0900_phi_4.0,0.04,4.0,,,False,False,0.0366570797973259,0.0366570797973259,0.0017653603594225,0.0995198098055833,0.111758760282519,3.485011580919375,0.1274246280358935,-0.0023921569008901,0.0107450011434099,3.391876119155058,0.2907673085785416,0.3077419985433104,6535.669965755196,241265.1928608896,False,0.09,4.0,True,,True,True,5.820766091346741e-11,0.001122847788636653,False,False,,,,,,,
demand_0.0900_phi_5.0,0.04,4.0,,,False,False,0.0365788527148567,0.0365788527148567,0.0020359947151599,0.1152216242435384,0.1152216242435384,3.7694812085212015,0.1619895674477245,-0.0023921569008901,0.0121814143751463,3.691133870411587,0.3438681717992733,0.3602110438284977,7987.030732861044,268876.3704907228,False,0.09,5.0,True,,True,True,5.820766091346741e-11,0.0013934821443740528,False,False,,,,,,,
demand_0.0900_phi_6.0,0.04,4.0,,,False,False,0.0366910331044529,0.0366910331044529,0.0023095255923302,0.1318241865615575,0.1318241865615575,4.029963380229144,0.198590868050994,-0.0023921569008901,0.0137658971513742,3.969460216872587,0.3997257608589898,0.4153737621870121,9511.96133622772,294655.0201462256,False,0.09,6.0,True,,True,True,5.820766091346741e-11,0.0016670130215443528,False,False,,,,,,,
demand_0.0900_phi_8.0,0.04,4.0,,,False,False,0.0372044384033797,0.0372044384033797,0.0028802249817893,0.1677048908092503,0.1677048908092503,4.501771519732795,0.2776376292219114,-0.0023921569008901,0.0173727131227258,4.485798447670983,0.5204040229391941,0.5344783358980476,12810.026465957384,342501.73220051435,False,0.09,8.0,True,,True,True,5.820766091346741e-11,0.002237712411003453,False,False,,,,,,,
demand_0.0900_phi_12.0,0.04,4.0,,,False,False,0.0386785160231491,0.0386785160231491,0.0041208041698198,0.249452042320435,0.249452042320435,5.315369818486188,0.4547151073898439,-0.0023921569008901,0.0262474801061766,5.422212729658336,0.7973374654805717,0.8075867269662428,20424.559804214987,428335.91574670176,False,0.09,12.0,True,,True,True,1.1641532182693479e-10,0.003478291599033953,False,False,,,,,,,
demand_0.0950_phi_0.0,0.04,4.0,2040Q2,2040Q2,True,True,0.0570553491324207,0.0570553491324207,0.0010573201199059,0.0392247051303154,0.0887667138827139,1.5964910004938644,-0.0152803122056777,-0.0022854597780838,0.0165685710239619,1.693542450881741,0.1363080654771991,0.1496258396592572,1102.26844793128,64797.65276695356,False,0.095,0.0,True,,False,False,5.820766091346741e-11,0.0004148075491200529,False,True,,,,,,,
demand_0.0950_phi_0.5,0.04,4.0,2041Q1,2041Q1,True,True,0.0485475824365805,0.0485475824365805,0.0008252251655336,0.0500965635724484,0.0933198820454901,1.969821636327348,0.008646183485665,-0.0022854597780838,0.0150208918076956,1.856826068619582,0.1404870945308843,0.1544442017484781,1353.1711064882604,103674.57606181264,False,0.095,0.5,True,,False,False,5.820766091346741e-11,0.00018271259474775302,False,False,,,,,,,
demand_0.0950_phi_1.0,0.04,4.0,2043Q1,2043Q1,True,True,0.0441534957367868,0.0441534957367868,0.0009191262963755,0.0591466600927559,0.0974082316014139,2.288021566351423,0.0291257172163117,-0.0022854597780838,0.0136391334544074,2.1697110004595968,0.1444114852813219,0.1598428658462643,2389.2696987992563,135542.04470654693,False,0.095,1.0,True,,False,False,5.820766091346741e-11,0.000276613725589653,False,False,,,,,,,
demand_0.0950_phi_1.5,0.04,4.0,2052Q1,2052Q1,True,True,0.0418575457047032,0.0418575457047032,0.0011109631174937,0.0674376502541016,0.101059207006567,2.5633221981536707,0.0477559891565855,-0.0022854597780838,0.0124124667334514,2.4473260380137085,0.1715477265206136,0.1892086396589099,3313.829236097775,162775.232660487,False,0.095,1.5,True,,False,False,5.820766091346741e-11,0.00046845054670785306,False,False,,,,,,,
demand_0.0950_phi_2.0,0.04,4.0,2056Q1,,True,False,0.040671919730975,0.040671919730975,0.0013250918464279,0.0758244923182404,0.1043016169871425,2.807171809646471,0.065855797133453,-0.0022854597780838,0.0113297962383143,2.6947556010913765,0.2010557292366813,0.2184359773956539,4200.578129019649,186962.8249663004,False,0.095,2.0,True,,False,True,5.820766091346741e-11,0.000682579275642053,False,False,,,,,,,
demand_0.0950_phi_2.5,0.04,4.0,2056Q3,,True,False,0.0401014794331281,0.0401014794331281,0.0015409531737751,0.0846190716507926,0.1071653003843392,3.028407396736707,0.0842647492619659,-0.0022854597780838,0.0106881769739861,2.92094047138807,0.231337397180378,0.2483371186421251,5090.647256096175,209143.26903346245,False,0.095,2.5,True,,False,True,5.820766091346741e-11,0.0008984406029892531,False,False,,,,,,,
demand_0.0950_phi_3.0,0.04,4.0,,,False,False,0.039891797914288,0.039891797914288,0.0017563825575658,0.0939382660952813,0.1096808119797277,3.2334021109215247,0.1034724108586164,-0.0022854597780838,0.0116953072399223,3.132314864369549,0.2628806416497001,0.2794371309759713,6007.985953412239,229996.7403898849,False,0.095,3.0,True,,True,True,5.820766091346741e-11,0.001113869986779953,False,False,,,,,,,
demand_0.0950_phi_4.0,0.04,4.0,2056Q3,,True,False,0.0400774075839314,0.0400774075839314,0.0021985410290973,0.1143480266614267,0.1143480266614267,3.61135680111742,0.1453042319426716,-0.0022854597780838,0.0140634866183026,3.527528426278,0.3310810742196066,0.3465988106968555,7980.972495531578,269390.890163846,False,0.095,4.0,True,,False,True,5.820766091346741e-11,0.0015560284583114531,False,False,,,,,,,
demand_0.0950_phi_5.0,0.04,4.0,2056Q2,,True,False,0.0407227132543439,0.0407227132543439,0.0026779145032911,0.137361446155128,0.137361446155128,3.963583453988664,0.192578669072454,-0.0022854597780838,0.0169192199912551,3.903459586782276,0.4077656181515212,0.4220371809626047,10201.501756441368,307338.2383536226,False,0.095,5.0,True,,False,True,5.820766091346741e-11,0.002035401932505253,False,False,,,,,,,
demand_0.0950_phi_6.0,0.04,4.0,2056Q1,,True,False,0.0416547449700086,0.0416547449700086,0.0032136484379948,0.1632847582402614,0.1632847582402614,4.301936923888626,0.2459319422066119,-0.0022854597780838,0.020335060639326,4.272692139765884,0.4946646676157602,0.5074548013986054,12731.295262235246,344980.48696936434,False,0.095,6.0,True,,False,True,5.820766091346741e-11,0.002571135867208953,False,False,,,,,,,
demand_0.0950_phi_8.0,0.04,4.0,2055Q4,2055Q4,True,True,0.0441337124213071,0.0441337124213071,0.0045042194083716,0.2251834609176211,0.2251834609176211,4.960737957520928,0.3725238675220614,-0.0022854597780838,0.0292232558880333,5.018624545874772,0.7057307317778316,0.7147121924554914,18956.34093935494,421814.7818058428,False,0.095,8.0,True,,False,False,1.1641532182693479e-10,0.003861706837585753,False,False,,,,,,,
demand_0.0950_phi_12.0,0.04,4.0,2055Q1,2055Q1,True,True,0.0510824369309491,0.0510824369309491,0.0082186865215984,0.3993589938303057,0.3993589938303057,6.277217803829421,0.7120000301110325,-0.0022854597780838,0.0585113086318986,6.646665081178809,1.3280251364305624,1.3249090333741251,38087.87746873338,592192.3044792725,False,0.095,12.0,True,,False,False,1.1641532182693479e-10,0.007576173950812552,False,False,,,,,,,
demand_0.1000_phi_0.0,0.04,4.0,2039Q4,2039Q4,True,True,0.0586919947158157,0.0586919947158157,0.0010346655486571,0.0396626439672417,0.0891823094006254,1.559225105776094,-0.0163908204659088,-0.0021787862727901,0.0174648127182005,1.6799465258586288,0.136228774231943,0.149163497051129,1104.1227191595706,63742.24076550821,False,0.1,0.0,True,,False,False,2.9103830456733704e-11,0.00039215297787125293,False,True,,,,,,,
demand_0.1000_phi_0.5,0.04,4.0,2040Q4,2040Q4,True,True,0.0502117386013309,0.0502117386013309,0.000830098957062,0.0512110447560733,0.0940284812639487,1.941305543388968,0.0074777446214728,-0.0021787862727901,0.0158554126658485,1.828082306828417,0.1407001117294736,0.1542994436194485,1392.8857503202385,105498.98596450443,False,0.1,0.5,True,,False,False,5.820766091346741e-11,0.000187586386276153,False,False,,,,,,,
demand_0.1000_phi_1.0,0.04,4.0,2041Q2,2043Q1,True,True,0.0460082736909311,0.0460082736909311,0.0009681099812265,0.0614013229173826,0.0983771488540524,2.2723769666499485,0.0285594785643392,-0.0021787862727901,0.0144226524889625,2.153356249412252,0.1450242530926035,0.1623945938552121,2550.874507652711,140538.308605553,False,0.1,1.0,True,,False,False,5.820766091346741e-11,0.000325597410440653,False,False,,,,,,,
demand_0.1000_phi_1.5,0.04,4.0,2048Q1,2048Q1,True,True,0.043986024959042,0.043986024959042,0.0012148214215287,0.0711721332021227,0.1022605018165066,2.5644423915678893,0.0485105272967349,-0.0021787862727901,0.0131537051693048,2.4482120344786105,0.1782121913148897,0.1953528006396313,3630.143298094575,171318.3249462785,False,0.1,1.5,True,,False,False,5.820766091346741e-11,0.000572308850742853,False,False,,,,,,,
demand_0.1000_phi_2.0,0.04,4.0,2052Q1,2052Q1,True,True,0.0431281692370472,0.0431281692370472,0.0014950755627722,0.0814385879166987,0.1057114853019392,2.8288553925207203,0.0687299073634699,-0.0021787862727901,0.0120357642420319,2.717217336743494,0.2128173642457506,0.2294884024652127,4712.914744552112,199490.1746168001,False,0.1,2.0,True,,False,False,5.820766091346741e-11,0.0008525629919863529,False,False,,,,,,,
demand_0.1000_phi_2.5,0.04,4.0,2054Q4,2054Q4,True,True,0.0429309175141254,0.0429309175141254,0.0017905484320845,0.0925714603560856,0.1087635159778383,3.0744438501387275,0.0901564365831539,-0.0021787862727901,0.0128222658094752,2.969437387146626,0.249755636624135,0.2658172031195615,5849.084869963361,226148.32669640257,False,0.1,2.5,True,,False,False,5.820766091346741e-11,0.001148035861298653,False,False,,,,,,,
demand_0.1000_phi_3.0,0.04,4.0,2055Q1,2055Q1,True,True,0.0431394391786063,0.0431394391786063,0.0021018365569894,0.1047551926064482,0.1114502161044107,3.307645093142882,0.1133981921640843,-0.0021787862727901,0.014466253509743,3.211532389765918,0.2897727873339211,0.3051143410034228,7072.49843973309,252030.4974923472,False,0.1,3.0,True,,False,False,5.820766091346741e-11,0.001459323986203553,False,False,,,,,,,
demand_0.1000_phi_4.0,0.04,4.0,2055Q1,2055Q1,True,True,0.0443106532835403,0.0443106532835403,0.0027970423222974,0.1328017730467029,0.1328017730467029,3.754145072415556,0.1669151017657562,-0.0021787862727901,0.0185419254184513,3.6836289527157584,0.381675487420716,0.3952420539336568,9885.980400982851,303396.5936054491,False,0.1,4.0,True,,False,False,5.820766091346741e-11,0.002154529751511553,False,False,,,,,,,
demand_0.1000_phi_5.0,0.04,4.0,2054Q4,2054Q4,True,True,0.0461776715799695,0.0461776715799695,0.0036360861086619,0.1666789535793205,0.1666789535793205,4.192541719085567,0.2318166245681263,-0.0021787862727901,0.0238909239773917,4.160253276062804,0.4938728733496882,0.5051313517134319,13356.403442925535,356397.3878259513,False,0.1,5.0,True,,False,False,1.1641532182693479e-10,0.002993573537876053,False,False,,,,,,,
demand_0.1000_phi_6.0,0.04,4.0,2054Q3,2054Q3,True,True,0.0486241832101135,0.0486241832101135,0.0046750475105482,0.2077335376458659,0.2077335376458659,4.636923981389851,0.3103017380222059,-0.0021787862727901,0.0309187940382241,4.659100381299911,0.6325474314772175,0.6408097975474454,17717.44607622624,412975.3734719693,False,0.1,6.0,True,,False,False,1.1641532182693479e-10,0.004032534939762353,False,False,,,,,,,
demand_0.1000_phi_8.0,0.04,4.0,2054Q1,2054Q1,True,True,0.0553008589653951,0.0553008589653951,0.0076021850937247,0.31843327289958,0.31843327289958,5.57778551867635,0.5168450977254828,-0.0021787862727901,0.0523878503612281,5.778934286088366,1.0220159778302365,1.0213735230530334,30433.529521349843,543813.5102084563,False,0.1,8.0,True,,False,False,1.1641532182693479e-10,0.006959672522938853,False,False,,,,,,,
demand_0.1000_phi_12.0,0.04,4.0,2053Q2,2053Q2,True,True,0.0782786143943072,0.0782786143943072,0.0193215576123359,0.7304549407917207,0.7304549407917207,7.808771949368978,1.185267165554544,-0.0021787862727901,0.154994902291252,8.918396385217779,2.630741032716331,2.592111679945389,90901.60608517657,944630.1855082596,False,0.1,12.0,True,,False,False,1.1641532182693479e-10,0.018679045041550053,False,False,,,,,,,
demand_0.1500_phi_0.0,0.04,4.0,2036Q4,2036Q4,True,True,0.0730905724150572,0.0730660840963711,0.0006281749682401,0.043995836038341,0.0933034399660409,1.2505104326705232,-0.0224370989899709,-0.0011133489231561,0.0263237398417936,1.5582384776697402,0.1353584708352725,0.1445385581382401,1121.71657096017,50617.846981024384,False,0.15,0.0,True,,False,False,5.820766091346741e-11,-1.433760254574703e-05,True,True,,,,,,,
demand_0.1500_phi_0.5,0.04,4.0,2037Q2,2037Q2,True,True,0.0672698104883966,0.0672698104883966,0.0008236665290193,0.0625641251496876,0.1012100941495824,1.675401518679794,-0.0021654529056667,-0.0011133489231561,0.0243388959274105,1.6471579979842157,0.1427137294944909,0.1527103908378871,1814.45547560158,124873.18342395696,False,0.15,0.5,True,,False,False,5.820766091346741e-11,0.00018115395823345296,False,True,,,,,,,
demand_0.1500_phi_1.0,0.04,4.0,2037Q3,2037Q3,True,True,0.0684711215535183,0.0684711215535183,0.0017345079385681,0.0890376540842784,0.1083513067742036,2.102871973918846,0.0220115405505052,-0.0011133489231561,0.022612063139315,1.978016377832485,0.1777633130491229,0.1904116157548306,4912.864078030123,205075.28584568115,False,0.15,1.0,True,,False,False,5.820766091346741e-11,0.001091995367782253,False,False,,,,,,,
demand_0.1500_phi_1.5,0.04,4.0,2038Q1,2038Q1,True,True,0.0747001552048857,0.0747001552048857,0.0033180645168265,0.1262197563397357,0.1262197563397357,2.559405279983735,0.0558745070575064,-0.0011133489231561,0.0303209881413956,2.4480893785186297,0.2706847754637619,0.2792004068419823,9521.379096960687,301626.760751662,False,0.15,1.5,True,,False,False,1.1641532182693479e-10,0.002675551946040653,False,False,,,,,,,
demand_0.1500_phi_2.0,0.04,4.0,2038Q1,2038Q1,True,True,0.086075588136129,0.086075588136129,0.0059705629535348,0.1824923882096327,0.1824923882096327,3.0790239153716104,0.1077868810198872,-0.0011133489231561,0.0474973723868681,3.004494534157191,0.4176751909011066,0.4190290786271666,17330.643477985665,430049.5726640719,False,0.15,2.0,True,,False,False,1.1641532182693479e-10,0.005328050382748953,False,False,,,,,,,
demand_0.1500_phi_2.5,0.04,4.0,2038Q2,2038Q2,True,True,0.104511959959231,0.104511959959231,0.0106553882787774,0.2723473283496321,0.2723473283496321,3.7049974293662458,0.1901865548108889,-0.0011133489231561,0.0789894855332107,3.7168544564838113,0.6669750803682517,0.6557905091553922,32203.459276101228,619027.9958530299,False,0.15,2.5,True,,False,False,1.1641532182693479e-10,0.010012875707991553,False,False,,,,,,,
demand_0.1500_phi_3.0,0.04,4.0,2038Q4,2039Q2,True,True,0.1345426558607998,0.1345426558607998,0.01950650996349,0.4246609154806895,0.4246609154806895,4.493623268297954,0.3213989252825593,-0.0011133489231561,0.1412160955156701,4.704809123389513,1.1228855281405723,1.0889602712820745,64734.89560718992,932251.634061914,False,0.15,3.0,True,,False,False,1.1641532182693479e-10,0.018863997392704154,False,False,,,,,,,
demand_0.1500_phi_4.0,0.04,4.0,2040Q4,2040Q4,True,True,0.2810751019400305,0.2810751019400305,0.0772770531416858,0.99,0.99,6.812014006779042,0.7871450277001566,-0.0011133489231561,0.6079451618176599,8.531372549478881,3.781085595570629,3.632704424038357,427118.7806985237,3023585.2990664737,True,0.15,4.0,True,,False,False,4.656612873077393e-10,0.07663454057089995,False,False,,,,,,,
demand_0.1500_phi_5.0,0.04,4.0,2041Q1,2041Q1,True,True,0.7929229223470354,0.7929229223470354,0.3127296671100926,0.99,0.99,8.130063589157972,0.3366930557390599,-0.0011133489231561,2.100760422881329,11.293360000261412,6.520490233531559,6.2373744628817285,2720609.3441575523,14234621.137286073,True,0.15,5.0,True,,False,False,2.3283064365386963e-10,0.31208715453930674,False,False,,,,,,,
demand_0.1500_phi_6.0,0.04,4.0,2041Q4,2042Q4,True,True,1.6212007129671384,1.6212007129671384,0.5464215592773753,0.99,0.99,7.573501625262911,-0.6719638466268885,-0.0011133489231561,3.1587989618157786,11.6316646940209,6.977308600835657,6.668881723186332,10758147.295940282,51739561.7215906,True,0.15,6.0,True,,False,False,3.725290298461914e-09,0.5457790467065895,False,True,,,,,,,
demand_0.1500_phi_8.0,0.04,4.0,2043Q1,2043Q1,True,True,3.059402293545336,3.059402293545336,0.6729127021312449,0.99,0.99,5.239163165756614,-1.1793174910068496,-0.0011133489231561,3.8343495391422033,12.04903017256768,7.184739615845431,6.871053028637937,90971066.98971874,367129907.8859412,True,0.15,8.0,True,,False,False,5.960464477539065e-08,0.672270189560459,False,True,,,,,,,
demand_0.1500_phi_12.0,0.04,4.0,2043Q1,2043Q1,True,True,4.685074879545211,4.685074879545211,0.683235210916405,0.99,0.99,3.5507745251274434,-0.5933405736135811,-0.0011133489231561,4.541074132349026,12.525833010885872,7.424612839739104,7.109882428612964,2064310725.8588445,6342306536.649616,True,0.15,12.0,True,,False,False,9.5367431640625e-07,0.6825926983456192,False,True,,,,,,,
demand_0.1567_phi_0.0,0.04,4.0,2036Q3,2036Q3,True,True,0.0747929945570687,0.0747296070476003,0.0005524868501567,0.0445686288424981,0.0938495023048098,1.2167013362675474,-0.0227228321561465,-0.0009710180438081,0.0274934792075005,1.542741303095804,0.1352316867816472,0.1439202253128609,1123.9356170723945,48505.12478740822,False,0.1566878453499148,0.0,True,,False,False,5.820766091346741e-11,-9.002572062914705e-05,True,True,0.0542320454125323,0.0541420196919032,31.619521434884824,-51.10441475002185,,0.0,0.0
demand_0.1567_phi_0.5,0.04,4.0,2036Q4,2036Q4,True,True,0.0695827664614656,0.0695827664614656,0.0008132888557067,0.0641051371594315,0.1021832261614425,1.642595470052736,-0.0031772007425192,-0.0009710180438081,0.0254913382825451,1.6339269080630057,0.1429666945550604,0.1524786684819309,1872.919404429908,127597.16302241542,False,0.1566878453499148,0.5,True,,False,False,5.820766091346741e-11,0.00017077628492085295,False,True,0.0489951791057685,0.0489951791057685,37.18009117709742,-8.515001371502983,,0.0,0.0
demand_0.1567_phi_1.0,0.04,4.0,2037Q2,2037Q2,True,True,0.072029273110798,0.072029273110798,0.0018773861536333,0.0934564104712197,0.1097242264646195,2.078717122423044,0.0210511785845155,-0.0009710180438081,0.023755500442716,1.953484360453319,0.1825490950998027,0.1944171078984765,5361.778457878005,216137.75349911425,False,0.1566878453499148,1.0,True,,False,False,5.820766091346741e-11,0.001234873582847453,False,False,0.0514416857551009,0.0514416857551009,45.723508370959664,35.09716386552779,,0.0,0.0
demand_0.1567_phi_1.5,0.04,4.0,2037Q3,2037Q3,True,True,0.0803938969812712,0.0803938969812712,0.0038006439846051,0.1366067684797819,0.1366067684797819,2.5560742902734224,0.0567868855937101,-0.0009710180438081,0.0344844765358263,2.4467961581412045,0.2872450681545175,0.2940028837988132,10914.9540390759,327957.94672413927,False,0.1566878453499148,1.5,True,,False,False,5.820766091346741e-11,0.003158131413819253,False,False,0.059806309625574,0.059806309625574,82.83288065056564,82.83288065056564,,0.0,0.0
demand_0.1567_phi_2.0,0.04,4.0,2038Q1,2038Q1,True,True,0.0955187258893304,0.0955187258893304,0.0072298095967434,0.205272074874223,0.205272074874223,3.116510359008273,0.1145398926660044,-0.0009710180438081,0.056969384710597,3.0540500723421773,0.4629487934129098,0.4604528700607749,21156.916216430407,486355.3271244903,False,0.1566878453499148,2.0,True,,False,False,1.1641532182693479e-10,0.006587297025957553,False,False,0.0749311385336333,0.0749311385336333,138.87648752405067,138.87648752405067,,0.0,0.0
demand_0.1567_phi_2.5,0.04,4.0,2038Q1,2038Q1,True,True,0.1209470036602773,0.1209470036602773,0.0137753087606475,0.3219553404182161,0.3219553404182161,3.816342030424961,0.2108185033939298,-0.0009710180438081,0.1014645105476999,3.872663195654571,0.7836308431467415,0.7639363617528888,43003.32432726135,740423.0173688771,False,0.1566878453499148,2.5,True,,False,False,1.1641532182693479e-10,0.013132796189861653,False,False,0.1003594163045802,0.1003594163045802,208.85965466571955,208.85965466571955,,0.0,0.0
demand_0.1567_phi_3.0,0.04,4.0,2038Q1,2038Q1,True,True,0.1651011712464223,0.1651011712464223,0.0273696913908053,0.5364766606515157,0.5364766606515157,4.731591314071972,0.3706359566967059,-0.0009710180438081,0.1989075256280809,5.090126854340591,1.4269485974577396,1.3740488448159485,99316.85182441262,1218443.3963961182,False,0.1566878453499148,3.0,True,,False,False,2.3283064365386963e-10,0.026727178820019452,False,False,0.1445135838907252,0.1445135838907252,300.3845830304206,300.3845830304206,,0.0,0.0
demand_0.1567_phi_4.0,0.04,4.0,2039Q3,2039Q3,True,True,0.4219969470385906,0.4219969470385906,0.1382011848456359,0.99,0.99,7.049946619345695,0.5123392202968011,-0.0009710180438081,1.094109098352834,9.343293988744016,4.7718916663593705,4.558538722063278,932515.4070040184,5593492.826245965,True,0.1566878453499148,4.0,True,,False,False,9.313225746154783e-10,0.13755867227485005,False,False,0.4014093596828935,0.4014093596828935,532.220113557793,532.220113557793,,0.0,0.0
demand_0.1567_phi_5.0,0.04,4.0,2040Q4,2040Q4,True,True,1.2164153521284635,1.2164153521284635,0.4426070466751592,0.99,0.99,7.574168881697932,-0.1858743894675925,-0.0009710180438081,2.700384565869479,10.791359049346395,6.516120006827276,6.209487526836419,6012254.140427786,30034650.2712377,True,0.1566878453499148,5.0,True,,False,False,3.725290298461914e-09,0.44196453410437336,False,True,1.1958277647727666,1.1958277647727666,606.6549603490836,584.6423397930166,,0.0,0.0
demand_0.1567_phi_6.0,0.04,4.0,2041Q1,2041Q1,True,True,2.173867832543884,2.173867832543884,0.6152055333538946,0.99,0.99,6.292788391831834,-1.0235105486391485,-0.0009710180438081,3.450041207665972,11.091860795352629,6.662652925587702,6.3516266282383205,24923573.161556527,113360686.57914266,True,0.1566878453499148,6.0,True,,False,False,3.725290298461914e-09,0.6145630207831088,False,True,2.1532802451881867,2.1532802451881867,630.4770385104301,456.50429080640686,,0.0,0.0
demand_0.1567_phi_8.0,0.04,4.0,2041Q3,2042Q2,True,True,3.6011985727374185,3.6011985727374185,0.661646387201904,0.99,0.99,4.239760767281571,-0.9275237778907092,-0.0009710180438081,3.9682197674486615,11.51248552462626,6.864042010272141,6.552216209681123,254156277.60704225,932499078.3035582,True,0.1566878453499148,8.0,True,,False,False,2.9802322387695312e-08,0.6610038746311182,False,True,3.580610985381721,3.580610985381721,661.9165508004,251.2015283513805,,0.0,0.0
demand_0.1567_phi_12.0,0.04,4.0,2042Q3,2042Q3,True,True,5.204610381135875,5.204610381135875,0.6960184952808461,0.99,0.99,3.05997669184315,-0.4299404154107291,-0.0009710180438081,4.847294963465635,11.95683447584937,7.08964755197225,6.77430994544208,7280179888.487102,20871392566.86011,True,0.1566878453499148,12.0,True,,False,False,1.9073486328125e-06,0.6953759827100603,False,True,5.184022793780177,5.184022793780177,695.0256316322275,133.2231208075384,,0.0,0.0
demand_0.2000_phi_0.0,0.04,4.0,2035Q3,2035Q3,True,True,0.0858254709054364,0.0841633146451908,-3.1220944042495424e-05,0.0482354509523636,0.0973531160810931,1.030715024304789,-0.022733147060737,-0.0002519144301414,0.0349738078043505,1.4544448393556528,0.134354106609927,0.1399977181245427,1137.5095197040869,32780.39680336107,False,0.2,0.0,True,,False,False,5.820766091346741e-11,-0.0006737335148283424,True,True,,,,,,,
demand_0.2000_phi_0.5,0.04,4.0,2035Q3,2035Q3,True,True,0.0845098245833805,0.0845051606348194,0.0006776802194758,0.0741420338054844,0.1085509614816088,1.446263958935757,-0.0082505393719405,-0.0002519144301414,0.033043138574454,1.5535791509233214,0.144509008583126,0.1508718329436141,2247.997561154107,145717.07331260867,False,0.2,0.5,True,,False,False,5.820766091346741e-11,3.5167648689953e-05,False,True,,,,,,,
demand_0.2000_phi_1.0,0.04,4.0,2035Q4,2035Q4,True,True,0.0981998864244823,0.0981998864244823,0.0030322914323287,0.1261557723563435,0.1261557723563435,1.917510835188304,0.0147924482406756,-0.0002519144301414,0.0362486534961657,1.7923133421546549,0.2148710026819118,0.2208882473244999,9409.74052016179,306597.3521297396,False,0.2,1.0,True,,False,False,1.1641532182693479e-10,0.002389778861542853,False,False,,,,,,,
demand_0.2000_phi_1.5,0.04,4.0,2036Q1,2036Q1,True,True,0.1293475584485068,0.1293475584485068,0.0087267717370923,0.227512517194067,0.227512517194067,2.517722752579308,0.0622678413479724,-0.0002519144301414,0.0743896171649694,2.4339552654271697,0.4243907934984829,0.4149918005981071,27787.559075901143,594286.9244768929,False,0.2,1.5,True,,False,False,1.1641532182693479e-10,0.008084259166306453,False,False,,,,,,,
demand_0.2000_phi_2.0,0.04,4.0,2036Q2,2036Q2,True,True,0.1961164586082165,0.1961164586082165,0.0244502740498646,0.4566129154067607,0.4566129154067607,3.375084427197728,0.1683233543751301,-0.0002519144301414,0.1820049558773158,3.4904160144158047,0.9526846655707968,0.9051522672626792,95421.2155110888,1283397.9165931572,False,0.2,2.0,True,,False,False,2.3283064365386963e-10,0.023807761479078753,False,False,,,,,,,
demand_0.2000_phi_2.5,0.04,4.0,2036Q2,2036Q2,True,True,0.363136086569976,0.363136086569976,0.07902714912642,0.99,0.99,4.728675508750861,0.4158912970034709,-0.0002519144301414,0.5891128372556966,5.739644756323516,2.619180651118611,2.4741160595660827,554998.014642219,4043048.8194352994,True,0.2,2.5,True,,False,False,4.656612873077393e-10,0.07838463655563416,False,False,,,,,,,
demand_0.2000_phi_3.0,0.04,4.0,2036Q3,2036Q3,True,True,0.8705435655646785,0.8705435655646785,0.2843587132657179,0.99,0.99,5.476972366936783,0.1013570431293873,-0.0002519144301414,1.8975517115281189,7.417532866841253,4.437073393685018,4.16413545855088,3702774.466462618,19567562.465242323,True,0.2,3.0,True,,False,False,1.862645149230957e-09,0.28371620069493203,False,False,,,,,,,
demand_0.2000_phi_4.0,0.04,4.0,2036Q4,2036Q4,True,True,2.55702935632948,2.55702935632948,0.5761734269087522,0.99,0.99,3.991312749802072,-0.7636527336181889,-0.0002519144301414,3.30572350103543,7.936540472208229,4.861224068787317,4.559868917491547,62888744.14309562,271056832.8126695,True,0.2,4.0,True,,False,False,2.9802322387695312e-08,0.5755309143379663,False,True,,,,,,,
demand_0.2000_phi_5.0,0.04,4.0,2037Q2,2037Q2,True,True,3.8242362794325055,3.8242362794325055,0.5950269853498606,0.99,0.99,2.798226506589845,-0.532489901617915,-0.0002519144301414,3.805769477034788,8.280619468437038,5.02545412037413,4.721042613068788,676494621.8369812,2339329199.7761264,True,0.2,5.0,True,,False,False,1.1920928955078125e-07,0.5943844727790748,False,True,,,,,,,
demand_0.2000_phi_6.0,0.04,4.0,2037Q4,2037Q4,True,True,4.7416173136345305,4.7416173136345305,0.6222702543158594,0.99,0.99,2.310907604034613,-0.3381250430549558,-0.0002519144301414,4.342723044538554,8.51495986210325,5.138345153506968,4.829147414568484,5210549810.752296,15604015909.27382,True,0.2,6.0,True,,False,False,4.76837158203125e-07,0.6216277417450735,False,True,,,,,,,
demand_0.2000_phi_8.0,0.04,4.0,2038Q1,2038Q1,True,True,6.096023589485142,6.096023589485142,0.7237337345394144,0.99,0.99,1.880584003213372,-0.2281285360555709,-0.0002519144301414,5.372228578973968,8.825371685299887,5.287304453036907,4.976866247904215,114648208711.58958,302847366502.95215,True,0.2,8.0,True,,False,False,0.0001220703125,0.7230912219686285,False,True,,,,,,,
demand_0.2000_phi_12.0,0.04,4.0,2038Q2,2038Q2,True,True,7.889225166978186,7.889225166978186,0.9100393902642488,0.99,0.99,1.4973733761723085,-0.1962878739466704,-0.0002519144301414,6.900787671430481,9.16966565239491,5.459619184096111,5.145234463872356,4920403858015.809,11872651357508.506,True,0.2,12.0,True,,False,False,0.001953125,0.909396877693463,False,True,,,,,,,
demand_0.2500_phi_0.0,0.04,4.0,2034Q3,2034Q3,True,True,0.0973069616572685,0.092447496108617,-0.0008581009646138,0.0523685032612765,0.1013201800016859,0.8718465671959652,-0.0202826516434998,0.0,0.0433871240243102,1.3645651042597031,0.133225371596965,0.1355596928590085,1151.4016412975616,10297.261365446248,False,0.25,0.0,True,,False,False,5.820766091346741e-11,-0.001500613535399647,True,True,,,,,,,
demand_0.2500_phi_0.5,0.04,4.0,2034Q3,2034Q3,True,True,0.1013230039664689,0.1011542368604211,0.0003575634962171,0.0856893237563881,0.1160291783726078,1.25356735322442,-0.0113181267603876,0.0,0.0419222084045655,1.464343950417588,0.1460785966438705,0.148796518352019,2630.174988866875,166880.92360284773,False,0.25,0.5,True,,False,False,5.820766091346741e-11,-0.000284949074568747,True,True,,,,,,,
demand_0.2500_phi_1.0,0.04,4.0,2034Q4,2034Q4,True,True,0.1345688655773193,0.1345688655773193,0.0047935560687449,0.1718944375741756,0.1718944375741756,1.729900271107215,0.0084491615776893,0.0,0.0560873953233313,1.6064862068990833,0.2526337798504019,0.2504934170781988,17790.78012827936,466206.9288304751,False,0.25,1.0,True,,False,False,1.1641532182693479e-10,0.004151043497959053,False,False,,,,,,,
demand_0.2500_phi_1.5,0.04,4.0,2034Q4,2034Q4,True,True,0.2195681028950526,0.2195681028950526,0.020293098393484,0.400494184217802,0.400494184217802,2.4447377325902364,0.0699010058977545,0.0,0.1620457077421129,2.429836530251293,0.6603076533673896,0.6193142979027626,92875.10161916626,1346867.5046619435,False,0.25,1.5,True,,False,False,2.3283064365386963e-10,0.019650585822698154,False,False,,,,,,,
demand_0.2500_phi_2.0,0.04,4.0,2035Q1,2035Q1,True,True,0.4911854704745412,0.4911854704745412,0.0996420516684783,0.99,0.99,3.700884324043957,0.2228534175630252,0.0,0.749032904222908,4.512241256230078,2.29970009303396,2.128743670646252,1094547.077545137,7375153.032502342,True,0.25,2.0,True,,False,False,9.313225746154783e-10,0.09899953909769245,False,False,,,,,,,
demand_0.2500_phi_2.5,0.04,4.0,2035Q1,2035Q1,True,True,1.4857190522780137,1.4857190522780137,0.4029299668386872,0.99,0.99,3.785922229131925,-0.2685338158056121,0.0,2.4206147519674848,5.464759294907889,3.480729566440855,3.191826795639177,14985647.94977644,73988181.2004958,True,0.25,2.5,True,,False,False,7.450580596923828e-09,0.40228745426790136,False,True,,,,,,,
demand_0.2500_phi_3.0,0.04,4.0,2035Q2,2035Q2,True,True,2.694495428158271,2.694495428158271,0.51750300207003,0.99,0.99,2.733154372070562,-0.5220883514635126,0.0,3.078723569635934,5.77972896640635,3.620874539243938,3.3279539220084464,119417306.02863054,500259487.78314304,True,0.25,3.0,True,,False,False,1.1920928955078125e-07,0.5168604894992441,False,True,,,,,,,
demand_0.2500_phi_4.0,0.04,4.0,2035Q3,2035Q3,True,True,4.379966599912709,4.379966599912709,0.5548449753655449,0.99,0.99,1.747406338782198,-0.2610697051949062,0.0,3.911148777857064,6.197244860117364,3.81507632363522,3.515200204369982,4501107013.634066,13982722223.459269,True,0.25,4.0,True,,False,False,1.9073486328125e-06,0.554202462794759,False,True,,,,,,,
demand_0.2500_phi_5.0,0.04,4.0,2035Q4,2035Q4,True,True,5.573804805332233,5.573804805332233,0.6398323850883072,0.99,0.99,1.4146282710907805,-0.1797498896263325,0.0,4.796051350918392,6.462559025216045,3.9387996780699,3.635755899604568,76846827362.69576,210540917424.8737,True,0.25,5.0,True,,False,False,7.62939453125e-06,0.6391898725175214,False,True,,,,,,,
demand_0.2500_phi_6.0,0.04,4.0,2036Q1,2036Q1,True,True,6.537727622287279,6.537727622287279,0.7333776221651496,0.99,0.99,1.218417770319354,-0.1630272054456556,0.0,5.588908859845179,6.644722427101796,4.030057432752004,3.72404540765531,670308025196.6549,1729706623506.5154,True,0.25,6.0,True,,False,False,0.0009765625,0.7327351095943637,False,True,,,,,,,
demand_0.2500_phi_8.0,0.04,4.0,2036Q2,2036Q2,True,True,8.04543438956607,8.04543438956607,0.8968191121396565,0.99,0.99,0.980036834897252,-0.1500944672082714,0.0,6.895575072327794,6.895542830608692,4.153982243700336,3.8436962149568834,14832659579305.258,35797328582021.69,True,0.25,8.0,True,,False,False,0.0078125,0.8961765995688706,False,True,,,,,,,
demand_0.2500_phi_12.0,0.04,4.0,2036Q3,2036Q3,True,True,10.108018964434946,10.108018964434946,1.13864632838561,0.99,0.99,0.7412886991962999,-0.1376262938664677,0.0,8.764121583724828,7.187868691606604,4.302114545794635,3.9898348841682063,604975202632506.4,1370405077977476.5,True,0.25,12.0,True,,False,False,0.5,1.1380038158148242,False,True,,,,,,,
demand_0.3250_phi_0.0,0.04,4.0,2033Q3,2033Q3,True,True,0.1140006829065395,0.1004700031417937,-0.0022837523164697,0.0583422826728799,0.1070930994625637,0.7096454202387572,-0.0145795483113169,0.0,0.0555078469136335,1.2738077536900168,0.131320619088418,0.128965849395833,1168.485182467603,-31635.47357068604,False,0.325,0.0,True,,False,False,5.820766091346741e-11,-0.002926264887255547,True,True,,,,,,,
demand_0.3250_phi_0.5,0.04,4.0,2033Q3,2033Q3,True,True,0.1263572790941136,0.1237551932535032,-0.000451497662632,0.1025201000658983,0.127453344845533,1.0260724312652143,-0.0118636215984935,0.0,0.0554628931755572,1.3493809803898675,0.1479995139205243,0.1452722873344884,2989.9968011128512,195861.6456150751,False,0.325,0.5,True,,False,False,1.1641532182693479e-10,-0.001094010233417847,True,True,,,,,,,
demand_0.3250_phi_1.0,0.04,4.0,2033Q4,2033Q4,True,True,0.1979935814447287,0.1979935814447287,0.0079117373835538,0.2517490091532222,0.2517490091532222,1.4702258180740984,0.0027009189659183,0.0,0.0908980086936346,1.4719797894909652,0.3030814396531854,0.287344168184886,44548.36013262991,886820.2606781275,False,0.325,1.0,True,,False,False,1.1641532182693479e-10,0.007269224812767953,False,False,,,,,,,
demand_0.3250_phi_1.5,0.04,4.0,2033Q4,2033Q4,True,True,0.4563853199150205,0.4563853199150205,0.0609898900577211,0.8804560589287583,0.8804560589287583,2.347193895732471,0.1020491350462977,0.0,0.460663125813289,2.5833638251971465,1.2347406312380824,1.1145784190569068,804234.9360619511,6534821.116602751,False,0.325,1.5,True,,False,False,4.656612873077393e-10,0.06034737748693525,False,False,,,,,,,
demand_0.3250_phi_2.0,0.04,4.0,2033Q4,2033Q4,True,True,1.7508880644265636,1.7508880644265636,0.3822099064788304,0.99,0.99,2.408720457280408,-0.2633558385822869,0.0,2.3009704897036274,3.6905947801126526,2.4412160803196543,2.164249504789211,36022357.50263184,174003282.3697133,True,0.325,2.0,True,,False,False,2.9802322387695312e-08,0.38156739390804456,False,True,,,,,,,
demand_0.3250_phi_2.5,0.04,4.0,2034Q1,2034Q1,True,True,3.2394820799262574,3.2394820799262574,0.4477600421034715,0.99,0.99,1.4937057368933706,-0.2655065461679862,0.0,2.9784560627725303,4.033084355814783,2.590874177803767,2.307983496565501,714210786.3633577,2656525251.6166325,True,0.325,2.5,True,,False,False,1.1920928955078125e-07,0.44711752953268563,False,True,,,,,,,
demand_0.3250_phi_3.0,0.04,4.0,2034Q1,2034Q1,True,True,4.30742820619302,4.30742820619302,0.4883991579343187,0.99,0.99,1.1273430743675676,-0.1609757186161935,0.0,3.615465652684658,4.273256228537404,2.6982955545426983,2.410823729296744,9881656900.456514,30585608347.970043,True,0.325,3.0,True,,False,False,7.62939453125e-06,0.48775664536353286,False,True,,,,,,,
demand_0.3250_phi_4.0,0.04,4.0,2034Q2,2034Q2,True,True,5.929357938904387,5.929357938904387,0.6260285452151599,0.99,0.99,0.8058014063215035,-0.1227330493809344,0.0,4.8710721145322,4.5896857032295335,2.846013785419936,2.550755804735356,510915893603.433,1377139632594.9492,True,0.325,4.0,True,,False,False,0.0009765625,0.6253860326443741,False,True,,,,,,,
demand_0.3250_phi_5.0,0.04,4.0,2034Q2,2034Q2,True,True,7.197795600571353,7.197795600571353,0.7583500506045731,0.99,0.99,0.627848838400542,-0.1152818168977,0.0,5.943210917557726,4.800266799154613,2.9458095663769828,2.6464194755159363,8003878096161.387,20271734682111.8,True,0.325,5.0,True,,False,False,0.00390625,0.7577075380337872,False,True,,,,,,,
demand_0.3250_phi_6.0,0.04,4.0,2034Q3,2034Q3,True,True,8.243401070205525,8.243401070205525,0.8752584053650052,0.99,0.99,0.5114177383415017,-0.1103922990427865,0.0,6.862929549193182,4.9488464159251375,3.021026427139457,2.719027130942282,62179283355438.97,151669279912857.47,True,0.325,6.0,True,,False,False,0.0625,0.8746158927942194,False,True,,,,,,,
demand_0.3250_phi_8.0,0.04,4.0,2034Q4,2034Q4,True,True,9.871119091403097,9.871119091403097,1.0666059993652226,0.99,0.99,0.3681388884658987,-0.103096621823536,0.0,8.338880707691752,5.14419196358448,3.1179978866002065,2.814357570598375,1084561915439961.0,2536485108340554.5,True,0.325,8.0,True,,False,False,0.5,1.0659634867944368,False,True,,,,,,,
demand_0.3250_phi_12.0,0.04,4.0,2035Q1,2035Q1,True,True,12.0618905132249,12.0618905132249,1.335751128087276,0.99,0.99,0.126258483104685,-0.1859330086903035,0.0,10.356499952196126,5.351617631037885,3.226912459641189,2.9182359132515963,1.7432483415063376e+16,4.967822106464561e+16,True,0.325,12.0,True,,False,False,32.0,1.3351086155164902,False,True,,,,,,,
demand_0.4000_phi_0.0,0.04,4.0,2032Q4,2032Q4,True,True,0.1286443942318648,0.1041715149736148,-0.0038207887538004,0.0640133866164518,0.1126242917451916,0.6069162886468525,-0.0082788572803481,0.0,0.0669627406155086,1.229175040784113,0.1292532141200379,0.1224822209432786,1180.8474533828248,-82268.39098974508,False,0.4,0.0,True,,False,False,5.820766091346741e-11,-0.004463301324586247,True,True,,,,,,,
demand_0.4000_phi_0.5,0.04,4.0,2032Q4,2032Q4,True,True,0.1492911531707089,0.1424788629749437,-0.0015775215058043,0.1183894248705275,0.1390531197219908,0.8593535678089222,-0.0095484011106997,0.0,0.0691203221352102,1.2570422962294334,0.1493947480334888,0.1413051273240139,3190.873094663385,216150.8909764048,False,0.4,0.5,True,,False,False,1.1641532182693479e-10,-0.002220034076590147,True,True,,,,,,,
demand_0.4000_phi_1.0,0.04,4.0,2032Q4,2032Q4,True,True,0.265600030017276,0.265600030017276,0.0109984595594202,0.3364535948188337,0.3364535948188337,1.254315340688758,0.0013302172806262,0.0,0.127056888647491,1.3622794543472243,0.3401504428552244,0.3111789773944257,104683.06838645716,1674163.392466374,False,0.4,1.0,True,,False,False,2.3283064365386963e-10,0.010355946988634353,False,False,,,,,,,
demand_0.4000_phi_1.5,0.04,4.0,2032Q4,2032Q4,True,True,0.9078888116145852,0.9078888116145852,0.1718584750638904,0.99,0.99,2.014481076908777,-0.01708228640488,0.0,1.203867466417627,2.4327048482395206,1.634042549904568,1.4099875949950686,8008849.385912671,45544333.43795704,True,0.4,1.5,True,,False,False,1.862645149230957e-09,0.17121596249310456,False,True,,,,,,,
demand_0.4000_phi_2.0,0.04,4.0,2033Q1,2033Q1,True,True,2.805528706980682,2.805528706980682,0.3754427866909564,0.99,0.99,1.1818237101192428,-0.2050756090845269,0.0,2.512394833339739,2.86713888573056,1.91328053885556,1.6442475689175082,503604654.1784531,2021246823.784864,True,0.4,2.0,True,,False,False,4.76837158203125e-07,0.37480027412017053,False,True,,,,,,,
demand_0.4000_phi_2.5,0.04,4.0,2033Q1,2033Q1,True,True,4.116353739255117,4.116353739255117,0.4240179867596203,0.99,0.99,0.7788985103051889,-0.1145805074158125,0.0,3.2676958191509287,3.150671232907226,2.03468777556183,1.7571068552840745,15063267646.878656,47503897185.6246,True,0.4,2.5,True,,False,False,3.814697265625e-06,0.4233754741888345,False,True,,,,,,,
demand_0.4000_phi_3.0,0.04,4.0,2033Q1,2033Q1,True,True,5.135821005374245,5.135821005374245,0.5062320001994056,0.99,0.99,0.5904622881442949,-0.0994762747137123,0.0,4.028924750426365,3.3438932196794102,2.123747798779568,1.8405590957755724,209823678671.06485,603543194725.3591,True,0.4,3.0,True,,False,False,6.103515625e-05,0.5055894876286198,False,True,,,,,,,
demand_0.4000_phi_4.0,0.04,4.0,2033Q1,2033Q1,True,True,6.755859432446178,6.755859432446178,0.6665564860773854,0.99,0.99,0.3730332086135456,-0.0929719118998819,0.0,5.353232520626347,3.607333997921312,2.248481018155085,1.9602019679103715,8428806284721.857,22329426587867.168,True,0.4,4.0,True,,False,False,0.0078125,0.6659139735065995,False,True,,,,,,,
demand_0.4000_phi_5.0,0.04,4.0,2033Q2,2033Q2,True,True,8.03121715238888,8.03121715238888,0.8065767193813,0.99,0.99,0.2068619453040623,-0.129550739707752,0.0,6.451745735669077,3.779330421700691,2.3334329425134244,2.040380645574404,84327865881206.72,235227700349599.4,True,0.4,5.0,True,,False,False,0.0625,0.8059342068105142,False,True,,,,,,,
demand_0.4000_phi_6.0,,,,,False,False,,,,,,,,,,,,,,,False,0.4,6.0,False,financing surplus exceeds all debt held by the public,False,False,,,False,False,,,,,,,
demand_0.4000_phi_8.0,,,,,False,False,,,,,,,,,,,,,,,False,0.4,8.0,False,financing surplus exceeds all debt held by the public,False,False,,,False,False,,,,,,,
demand_0.4000_phi_12.0,,,,,False,False,,,,,,,,,,,,,,,False,0.4,12.0,False,financing surplus exceeds all debt held by the public,False,False,,,False,False,,,,,,,
