year,debt_gdp_ratio,scenario,primary_deficit_gdp_share,nominal_interest_rate,nominal_gdp_growth
0,1.0,stable_primary_deficit,0.01,0.03,0.04
1,1.0003846153846154,stable_primary_deficit,0.01,0.03,0.04
2,1.0007655325443787,stable_primary_deficit,0.01,0.03,0.04
3,1.0011427870391443,stable_primary_deficit,0.01,0.03,0.04
4,1.0015164140868449,stable_primary_deficit,0.01,0.03,0.04
5,1.001886448566779,stable_primary_deficit,0.01,0.03,0.04
6,1.0022529250228678,stable_primary_deficit,0.01,0.03,0.04
7,1.0026158776668788,stable_primary_deficit,0.01,0.03,0.04
8,1.0029753403816204,stable_primary_deficit,0.01,0.03,0.04
9,1.0033313467241047,stable_primary_deficit,0.01,0.03,0.04
10,1.0036839299286806,stable_primary_deficit,0.01,0.03,0.04
11,1.0040331229101356,stable_primary_deficit,0.01,0.03,0.04
12,1.0043789582667688,stable_primary_deficit,0.01,0.03,0.04
13,1.0047214682834344,stable_primary_deficit,0.01,0.03,0.04
14,1.0050606849345554,stable_primary_deficit,0.01,0.03,0.04
15,1.0053966398871077,stable_primary_deficit,0.01,0.03,0.04
16,1.0057293645035779,stable_primary_deficit,0.01,0.03,0.04
17,1.0060588898448897,stable_primary_deficit,0.01,0.03,0.04
18,1.006385246673304,stable_primary_deficit,0.01,0.03,0.04
19,1.0067084654552916,stable_primary_deficit,0.01,0.03,0.04
20,1.0070285763643754,stable_primary_deficit,0.01,0.03,0.04
21,1.0073456092839488,stable_primary_deficit,0.01,0.03,0.04
22,1.0076595938100648,stable_primary_deficit,0.01,0.03,0.04
23,1.0079705592541988,stable_primary_deficit,0.01,0.03,0.04
24,1.0082785346459853,stable_primary_deficit,0.01,0.03,0.04
25,1.0085835487359278,stable_primary_deficit,0.01,0.03,0.04
26,1.0088856299980824,stable_primary_deficit,0.01,0.03,0.04
27,1.0091848066327163,stable_primary_deficit,0.01,0.03,0.04
28,1.0094811065689402,stable_primary_deficit,0.01,0.03,0.04
29,1.0097745574673158,stable_primary_deficit,0.01,0.03,0.04
30,1.0100651867224377,stable_primary_deficit,0.01,0.03,0.04
31,1.0103530214654912,stable_primary_deficit,0.01,0.03,0.04
32,1.0106380885667847,stable_primary_deficit,0.01,0.03,0.04
33,1.010920414638258,stable_primary_deficit,0.01,0.03,0.04
34,1.011200026035967,stable_primary_deficit,0.01,0.03,0.04
35,1.0114769488625444,stable_primary_deficit,0.01,0.03,0.04
36,1.0117512089696352,stable_primary_deficit,0.01,0.03,0.04
37,1.012022831960312,stable_primary_deficit,0.01,0.03,0.04
38,1.012291843191463,stable_primary_deficit,0.01,0.03,0.04
39,1.0125582677761604,stable_primary_deficit,0.01,0.03,0.04
40,1.012822130586005,stable_primary_deficit,0.01,0.03,0.04
41,1.0130834562534474,stable_primary_deficit,0.01,0.03,0.04
42,1.0133422691740874,stable_primary_deficit,0.01,0.03,0.04
43,1.013598593508952,stable_primary_deficit,0.01,0.03,0.04
44,1.0138524531867505,stable_primary_deficit,0.01,0.03,0.04
45,1.0141038719061088,stable_primary_deficit,0.01,0.03,0.04
46,1.0143528731377809,stable_primary_deficit,0.01,0.03,0.04
47,1.0145994801268408,stable_primary_deficit,0.01,0.03,0.04
48,1.014843715894852,stable_primary_deficit,0.01,0.03,0.04
49,1.015085603242017,stable_primary_deficit,0.01,0.03,0.04
50,1.0153251647493053,stable_primary_deficit,0.01,0.03,0.04
51,1.015562422780562,stable_primary_deficit,0.01,0.03,0.04
52,1.015797399484595,stable_primary_deficit,0.01,0.03,0.04
53,1.0160301167972432,stable_primary_deficit,0.01,0.03,0.04
54,1.0162605964434237,stable_primary_deficit,0.01,0.03,0.04
55,1.0164888599391602,stable_primary_deficit,0.01,0.03,0.04
56,1.0167149285935912,stable_primary_deficit,0.01,0.03,0.04
57,1.0169388235109607,stable_primary_deficit,0.01,0.03,0.04
58,1.0171605655925862,stable_primary_deficit,0.01,0.03,0.04
59,1.0173801755388114,stable_primary_deficit,0.01,0.03,0.04
60,1.0175976738509382,stable_primary_deficit,0.01,0.03,0.04
61,1.0178130808331407,stable_primary_deficit,0.01,0.03,0.04
62,1.0180264165943604,stable_primary_deficit,0.01,0.03,0.04
63,1.018237701050184,stable_primary_deficit,0.01,0.03,0.04
64,1.0184469539247014,stable_primary_deficit,0.01,0.03,0.04
65,1.0186541947523486,stable_primary_deficit,0.01,0.03,0.04
66,1.01885944287973,stable_primary_deficit,0.01,0.03,0.04
67,1.019062717467425,stable_primary_deficit,0.01,0.03,0.04
68,1.0192640374917767,stable_primary_deficit,0.01,0.03,0.04
69,1.0194634217466636,stable_primary_deficit,0.01,0.03,0.04
70,1.0196608888452534,stable_primary_deficit,0.01,0.03,0.04
71,1.0198564572217415,stable_primary_deficit,0.01,0.03,0.04
72,1.0200501451330708,stable_primary_deficit,0.01,0.03,0.04
73,1.0202419706606374,stable_primary_deficit,0.01,0.03,0.04
74,1.0204319517119775,stable_primary_deficit,0.01,0.03,0.04
75,1.0206201060224394,stable_primary_deficit,0.01,0.03,0.04
76,1.020806451156839,stable_primary_deficit,0.01,0.03,0.04
77,1.0209910045111004,stable_primary_deficit,0.01,0.03,0.04
78,1.0211737833138783,stable_primary_deficit,0.01,0.03,0.04
79,1.021354804628168,stable_primary_deficit,0.01,0.03,0.04
80,1.0215340853528971,stable_primary_deficit,0.01,0.03,0.04
81,1.0217116422245038,stable_primary_deficit,0.01,0.03,0.04
82,1.021887491818499,stable_primary_deficit,0.01,0.03,0.04
83,1.0220616505510136,stable_primary_deficit,0.01,0.03,0.04
84,1.0222341346803308,stable_primary_deficit,0.01,0.03,0.04
85,1.0224049603084044,stable_primary_deficit,0.01,0.03,0.04
86,1.022574143382362,stable_primary_deficit,0.01,0.03,0.04
87,1.0227416996959933,stable_primary_deficit,0.01,0.03,0.04
88,1.0229076448912242,stable_primary_deficit,0.01,0.03,0.04
89,1.0230719944595779,stable_primary_deficit,0.01,0.03,0.04
90,1.0232347637436203,stable_primary_deficit,0.01,0.03,0.04
91,1.0233959679383933,stable_primary_deficit,0.01,0.03,0.04
92,1.023555622092832,stable_primary_deficit,0.01,0.03,0.04
93,1.02371374111117,stable_primary_deficit,0.01,0.03,0.04
94,1.023870339754332,stable_primary_deficit,0.01,0.03,0.04
95,1.0240254326413096,stable_primary_deficit,0.01,0.03,0.04
96,1.024179034250528,stable_primary_deficit,0.01,0.03,0.04
97,1.0243311589211959,stable_primary_deficit,0.01,0.03,0.04
98,1.024481820854646,stable_primary_deficit,0.01,0.03,0.04
99,1.024631034115659,stable_primary_deficit,0.01,0.03,0.04
100,1.0247788126337778,stable_primary_deficit,0.01,0.03,0.04
0,1.0,larger_deficit_low_rate,0.025,0.03,0.04
1,1.0153846153846153,larger_deficit_low_rate,0.025,0.03,0.04
2,1.0306213017751478,larger_deficit_low_rate,0.025,0.03,0.04
3,1.0457114815657713,larger_deficit_low_rate,0.025,0.03,0.04
4,1.0606565634737928,larger_deficit_low_rate,0.025,0.03,0.04
5,1.0754579426711601,larger_deficit_low_rate,0.025,0.03,0.04
6,1.0901170009147065,larger_deficit_low_rate,0.025,0.03,0.04
7,1.104635106675142,larger_deficit_low_rate,0.025,0.03,0.04
8,1.119013615264804,larger_deficit_low_rate,0.025,0.03,0.04
9,1.133253868964181,larger_deficit_low_rate,0.025,0.03,0.04
10,1.1473571971472176,larger_deficit_low_rate,0.025,0.03,0.04
11,1.1613249164054174,larger_deficit_low_rate,0.025,0.03,0.04
12,1.1751583306707498,larger_deficit_low_rate,0.025,0.03,0.04
13,1.188858731337377,larger_deficit_low_rate,0.025,0.03,0.04
14,1.20242739738221,larger_deficit_low_rate,0.025,0.03,0.04
15,1.215865595484304,larger_deficit_low_rate,0.025,0.03,0.04
16,1.2291745801431089,larger_deficit_low_rate,0.025,0.03,0.04
17,1.242355593795579,larger_deficit_low_rate,0.025,0.03,0.04
18,1.25540986693216,larger_deficit_low_rate,0.025,0.03,0.04
19,1.2683386182116585,larger_deficit_low_rate,0.025,0.03,0.04
20,1.281143054575008,larger_deficit_low_rate,0.025,0.03,0.04
21,1.2938243713579405,larger_deficit_low_rate,0.025,0.03,0.04
22,1.3063837524025756,larger_deficit_low_rate,0.025,0.03,0.04
23,1.3188223701679354,larger_deficit_low_rate,0.025,0.03,0.04
24,1.3311413858393975,larger_deficit_low_rate,0.025,0.03,0.04
25,1.3433419494370955,larger_deficit_low_rate,0.025,0.03,0.04
26,1.3554251999232771,larger_deficit_low_rate,0.025,0.03,0.04
27,1.3673922653086301,larger_deficit_low_rate,0.025,0.03,0.04
28,1.3792442627575856,larger_deficit_low_rate,0.025,0.03,0.04
29,1.3909822986926088,larger_deficit_low_rate,0.025,0.03,0.04
30,1.4026074688974874,larger_deficit_low_rate,0.025,0.03,0.04
31,1.414120858619627,larger_deficit_low_rate,0.025,0.03,0.04
32,1.4255235426713613,larger_deficit_low_rate,0.025,0.03,0.04
33,1.4368165855302903,larger_deficit_low_rate,0.025,0.03,0.04
34,1.4480010414386528,larger_deficit_low_rate,0.025,0.03,0.04
35,1.4590779545017427,larger_deficit_low_rate,0.025,0.03,0.04
36,1.4700483587853799,larger_deficit_low_rate,0.025,0.03,0.04
37,1.4809132784124435,larger_deficit_low_rate,0.025,0.03,0.04
38,1.4916737276584777,larger_deficit_low_rate,0.025,0.03,0.04
39,1.5023307110463768,larger_deficit_low_rate,0.025,0.03,0.04
40,1.5128852234401617,larger_deficit_low_rate,0.025,0.03,0.04
41,1.5233382501378525,larger_deficit_low_rate,0.025,0.03,0.04
42,1.53369076696345,larger_deficit_low_rate,0.025,0.03,0.04
43,1.5439437403580323,larger_deficit_low_rate,0.025,0.03,0.04
44,1.5540981274699743,larger_deficit_low_rate,0.025,0.03,0.04
45,1.5641548762443014,larger_deficit_low_rate,0.025,0.03,0.04
46,1.574114925511183,larger_deficit_low_rate,0.025,0.03,0.04
47,1.5839792050735755,larger_deficit_low_rate,0.025,0.03,0.04
48,1.5937486357940218,larger_deficit_low_rate,0.025,0.03,0.04
49,1.6034241296806178,larger_deficit_low_rate,0.025,0.03,0.04
50,1.6130065899721502,larger_deficit_low_rate,0.025,0.03,0.04
51,1.622496911222418,larger_deficit_low_rate,0.025,0.03,0.04
52,1.6318959793837409,larger_deficit_low_rate,0.025,0.03,0.04
53,1.6412046718896665,larger_deficit_low_rate,0.025,0.03,0.04
54,1.6504238577368813,larger_deficit_low_rate,0.025,0.03,0.04
55,1.6595543975663343,larger_deficit_low_rate,0.025,0.03,0.04
56,1.668597143743581,larger_deficit_low_rate,0.025,0.03,0.04
57,1.6775529404383542,larger_deficit_low_rate,0.025,0.03,0.04
58,1.68642262370337,larger_deficit_low_rate,0.025,0.03,0.04
59,1.695207021552376,larger_deficit_low_rate,0.025,0.03,0.04
60,1.7039069540374492,larger_deficit_low_rate,0.025,0.03,0.04
61,1.7125232333255507,larger_deficit_low_rate,0.025,0.03,0.04
62,1.7210566637743434,larger_deficit_low_rate,0.025,0.03,0.04
63,1.7295080420072824,larger_deficit_low_rate,0.025,0.03,0.04
64,1.7378781569879815,larger_deficit_low_rate,0.025,0.03,0.04
65,1.7461677900938664,larger_deficit_low_rate,0.025,0.03,0.04
66,1.7543777151891176,larger_deficit_low_rate,0.025,0.03,0.04
67,1.7625086986969145,larger_deficit_low_rate,0.025,0.03,0.04
68,1.7705614996709826,larger_deficit_low_rate,0.025,0.03,0.04
69,1.7785368698664539,larger_deficit_low_rate,0.025,0.03,0.04
70,1.7864355538100456,larger_deficit_low_rate,0.025,0.03,0.04
71,1.7942582888695644,larger_deficit_low_rate,0.025,0.03,0.04
72,1.8020058053227417,larger_deficit_low_rate,0.025,0.03,0.04
73,1.8096788264254076,larger_deficit_low_rate,0.025,0.03,0.04
74,1.8172780684790093,larger_deficit_low_rate,0.025,0.03,0.04
75,1.8248042408974803,larger_deficit_low_rate,0.025,0.03,0.04
76,1.8322580462734661,larger_deficit_low_rate,0.025,0.03,0.04
77,1.8396401804439135,larger_deficit_low_rate,0.025,0.03,0.04
78,1.8469513325550297,larger_deficit_low_rate,0.025,0.03,0.04
79,1.8541921851266159,larger_deficit_low_rate,0.025,0.03,0.04
80,1.861363414115783,larger_deficit_low_rate,0.025,0.03,0.04
81,1.8684656889800544,larger_deficit_low_rate,0.025,0.03,0.04
82,1.8754996727398616,larger_deficit_low_rate,0.025,0.03,0.04
83,1.88246602204044,larger_deficit_low_rate,0.025,0.03,0.04
84,1.889365387213128,larger_deficit_low_rate,0.025,0.03,0.04
85,1.8961984123360787,larger_deficit_low_rate,0.025,0.03,0.04
86,1.9029657352943856,larger_deficit_low_rate,0.025,0.03,0.04
87,1.9096679878396319,larger_deficit_low_rate,0.025,0.03,0.04
88,1.916305795648866,larger_deficit_low_rate,0.025,0.03,0.04
89,1.9228797783830116,larger_deficit_low_rate,0.025,0.03,0.04
90,1.9293905497447135,larger_deficit_low_rate,0.025,0.03,0.04
91,1.9358387175356297,larger_deficit_low_rate,0.025,0.03,0.04
92,1.9422248837131717,larger_deficit_low_rate,0.025,0.03,0.04
93,1.948549644446699,larger_deficit_low_rate,0.025,0.03,0.04
94,1.954813590173173,larger_deficit_low_rate,0.025,0.03,0.04
95,1.961017305652277,larger_deficit_low_rate,0.025,0.03,0.04
96,1.967161370021005,larger_deficit_low_rate,0.025,0.03,0.04
97,1.973246356847726,larger_deficit_low_rate,0.025,0.03,0.04
98,1.9792728341857286,larger_deficit_low_rate,0.025,0.03,0.04
99,1.9852413646262506,larger_deficit_low_rate,0.025,0.03,0.04
100,1.9911525053509982,larger_deficit_low_rate,0.025,0.03,0.04
0,1.0,equal_interest_growth,0.025,0.04,0.04
1,1.025,equal_interest_growth,0.025,0.04,0.04
2,1.0499999999999998,equal_interest_growth,0.025,0.04,0.04
3,1.0749999999999997,equal_interest_growth,0.025,0.04,0.04
4,1.0999999999999996,equal_interest_growth,0.025,0.04,0.04
5,1.1249999999999996,equal_interest_growth,0.025,0.04,0.04
6,1.1499999999999995,equal_interest_growth,0.025,0.04,0.04
7,1.1749999999999994,equal_interest_growth,0.025,0.04,0.04
8,1.1999999999999993,equal_interest_growth,0.025,0.04,0.04
9,1.2249999999999992,equal_interest_growth,0.025,0.04,0.04
10,1.2499999999999991,equal_interest_growth,0.025,0.04,0.04
11,1.274999999999999,equal_interest_growth,0.025,0.04,0.04
12,1.299999999999999,equal_interest_growth,0.025,0.04,0.04
13,1.3249999999999988,equal_interest_growth,0.025,0.04,0.04
14,1.3499999999999988,equal_interest_growth,0.025,0.04,0.04
15,1.3749999999999987,equal_interest_growth,0.025,0.04,0.04
16,1.3999999999999986,equal_interest_growth,0.025,0.04,0.04
17,1.4249999999999985,equal_interest_growth,0.025,0.04,0.04
18,1.4499999999999984,equal_interest_growth,0.025,0.04,0.04
19,1.4749999999999983,equal_interest_growth,0.025,0.04,0.04
20,1.4999999999999982,equal_interest_growth,0.025,0.04,0.04
21,1.5249999999999981,equal_interest_growth,0.025,0.04,0.04
22,1.549999999999998,equal_interest_growth,0.025,0.04,0.04
23,1.574999999999998,equal_interest_growth,0.025,0.04,0.04
24,1.5999999999999979,equal_interest_growth,0.025,0.04,0.04
25,1.6249999999999978,equal_interest_growth,0.025,0.04,0.04
26,1.6499999999999977,equal_interest_growth,0.025,0.04,0.04
27,1.6749999999999976,equal_interest_growth,0.025,0.04,0.04
28,1.6999999999999975,equal_interest_growth,0.025,0.04,0.04
29,1.7249999999999974,equal_interest_growth,0.025,0.04,0.04
30,1.7499999999999973,equal_interest_growth,0.025,0.04,0.04
31,1.7749999999999972,equal_interest_growth,0.025,0.04,0.04
32,1.7999999999999972,equal_interest_growth,0.025,0.04,0.04
33,1.824999999999997,equal_interest_growth,0.025,0.04,0.04
34,1.849999999999997,equal_interest_growth,0.025,0.04,0.04
35,1.874999999999997,equal_interest_growth,0.025,0.04,0.04
36,1.8999999999999968,equal_interest_growth,0.025,0.04,0.04
37,1.9249999999999967,equal_interest_growth,0.025,0.04,0.04
38,1.9499999999999966,equal_interest_growth,0.025,0.04,0.04
39,1.9749999999999965,equal_interest_growth,0.025,0.04,0.04
40,1.9999999999999964,equal_interest_growth,0.025,0.04,0.04
41,2.0249999999999964,equal_interest_growth,0.025,0.04,0.04
42,2.0499999999999963,equal_interest_growth,0.025,0.04,0.04
43,2.074999999999996,equal_interest_growth,0.025,0.04,0.04
44,2.099999999999996,equal_interest_growth,0.025,0.04,0.04
45,2.124999999999996,equal_interest_growth,0.025,0.04,0.04
46,2.149999999999996,equal_interest_growth,0.025,0.04,0.04
47,2.174999999999996,equal_interest_growth,0.025,0.04,0.04
48,2.1999999999999957,equal_interest_growth,0.025,0.04,0.04
49,2.2249999999999956,equal_interest_growth,0.025,0.04,0.04
50,2.2499999999999956,equal_interest_growth,0.025,0.04,0.04
51,2.2749999999999955,equal_interest_growth,0.025,0.04,0.04
52,2.2999999999999954,equal_interest_growth,0.025,0.04,0.04
53,2.3249999999999953,equal_interest_growth,0.025,0.04,0.04
54,2.349999999999995,equal_interest_growth,0.025,0.04,0.04
55,2.374999999999995,equal_interest_growth,0.025,0.04,0.04
56,2.399999999999995,equal_interest_growth,0.025,0.04,0.04
57,2.424999999999995,equal_interest_growth,0.025,0.04,0.04
58,2.449999999999995,equal_interest_growth,0.025,0.04,0.04
59,2.4749999999999948,equal_interest_growth,0.025,0.04,0.04
60,2.4999999999999947,equal_interest_growth,0.025,0.04,0.04
61,2.5249999999999946,equal_interest_growth,0.025,0.04,0.04
62,2.5499999999999945,equal_interest_growth,0.025,0.04,0.04
63,2.5749999999999944,equal_interest_growth,0.025,0.04,0.04
64,2.5999999999999943,equal_interest_growth,0.025,0.04,0.04
65,2.6249999999999942,equal_interest_growth,0.025,0.04,0.04
66,2.649999999999994,equal_interest_growth,0.025,0.04,0.04
67,2.674999999999994,equal_interest_growth,0.025,0.04,0.04
68,2.699999999999994,equal_interest_growth,0.025,0.04,0.04
69,2.724999999999994,equal_interest_growth,0.025,0.04,0.04
70,2.749999999999994,equal_interest_growth,0.025,0.04,0.04
71,2.7749999999999937,equal_interest_growth,0.025,0.04,0.04
72,2.7999999999999936,equal_interest_growth,0.025,0.04,0.04
73,2.8249999999999935,equal_interest_growth,0.025,0.04,0.04
74,2.8499999999999934,equal_interest_growth,0.025,0.04,0.04
75,2.8749999999999933,equal_interest_growth,0.025,0.04,0.04
76,2.8999999999999932,equal_interest_growth,0.025,0.04,0.04
77,2.924999999999993,equal_interest_growth,0.025,0.04,0.04
78,2.949999999999993,equal_interest_growth,0.025,0.04,0.04
79,2.974999999999993,equal_interest_growth,0.025,0.04,0.04
80,2.999999999999993,equal_interest_growth,0.025,0.04,0.04
81,3.024999999999993,equal_interest_growth,0.025,0.04,0.04
82,3.0499999999999927,equal_interest_growth,0.025,0.04,0.04
83,3.0749999999999926,equal_interest_growth,0.025,0.04,0.04
84,3.0999999999999925,equal_interest_growth,0.025,0.04,0.04
85,3.1249999999999925,equal_interest_growth,0.025,0.04,0.04
86,3.1499999999999924,equal_interest_growth,0.025,0.04,0.04
87,3.1749999999999923,equal_interest_growth,0.025,0.04,0.04
88,3.199999999999992,equal_interest_growth,0.025,0.04,0.04
89,3.224999999999992,equal_interest_growth,0.025,0.04,0.04
90,3.249999999999992,equal_interest_growth,0.025,0.04,0.04
91,3.274999999999992,equal_interest_growth,0.025,0.04,0.04
92,3.299999999999992,equal_interest_growth,0.025,0.04,0.04
93,3.3249999999999917,equal_interest_growth,0.025,0.04,0.04
94,3.3499999999999917,equal_interest_growth,0.025,0.04,0.04
95,3.3749999999999916,equal_interest_growth,0.025,0.04,0.04
96,3.3999999999999915,equal_interest_growth,0.025,0.04,0.04
97,3.4249999999999914,equal_interest_growth,0.025,0.04,0.04
98,3.4499999999999913,equal_interest_growth,0.025,0.04,0.04
99,3.474999999999991,equal_interest_growth,0.025,0.04,0.04
100,3.499999999999991,equal_interest_growth,0.025,0.04,0.04
0,1.0,interest_above_growth,0.025,0.05,0.04
1,1.0346153846153845,interest_above_growth,0.025,0.05,0.04
2,1.0695636094674554,interest_above_growth,0.025,0.05,0.04
3,1.1048478749431039,interest_above_growth,0.025,0.05,0.04
4,1.140471412202172,interest_above_growth,0.025,0.05,0.04
5,1.1764374834733466,interest_above_growth,0.025,0.05,0.04
6,1.2127493823528979,interest_above_growth,0.025,0.05,0.04
7,1.249410434106291,interest_above_growth,0.025,0.05,0.04
8,1.2864239959726975,interest_above_growth,0.025,0.05,0.04
9,1.3237934574724348,interest_above_growth,0.025,0.05,0.04
10,1.361522240717362,interest_above_growth,0.025,0.05,0.04
11,1.3996138007242596,interest_above_growth,0.025,0.05,0.04
12,1.4380716257312234,interest_above_growth,0.025,0.05,0.04
13,1.4768992375171004,interest_above_growth,0.025,0.05,0.04
14,1.5161001917239953,interest_above_growth,0.025,0.05,0.04
15,1.5556780781828798,interest_above_growth,0.025,0.05,0.04
16,1.5956365212423305,interest_above_growth,0.025,0.05,0.04
17,1.6359791801004298,interest_above_growth,0.025,0.05,0.04
18,1.6767097491398568,interest_above_growth,0.025,0.05,0.04
19,1.7178319582662014,interest_above_growth,0.025,0.05,0.04
20,1.7593495732495301,interest_above_growth,0.025,0.05,0.04
21,1.801266396069237,interest_above_growth,0.025,0.05,0.04
22,1.8435862652622104,interest_above_growth,0.025,0.05,0.04
23,1.8863130562743469,interest_above_growth,0.025,0.05,0.04
24,1.9294506818154462,interest_above_growth,0.025,0.05,0.04
25,1.9730030922175177,interest_above_growth,0.025,0.05,0.04
26,2.016974275796532,interest_above_growth,0.025,0.05,0.04
27,2.0613682592176525,interest_above_growth,0.025,0.05,0.04
28,2.106189107863976,interest_above_growth,0.025,0.05,0.04
29,2.1514409262088217,interest_above_growth,0.025,0.05,0.04
30,2.1971278581915987,interest_above_growth,0.025,0.05,0.04
31,2.243254087597287,interest_above_growth,0.025,0.05,0.04
32,2.2898238384395686,interest_above_growth,0.025,0.05,0.04
33,2.336841375347641,interest_above_growth,0.025,0.05,0.04
34,2.384311003956753,interest_above_growth,0.025,0.05,0.04
35,2.432237071302491,interest_above_growth,0.025,0.05,0.04
36,2.4806239662188605,interest_above_growth,0.025,0.05,0.04
37,2.5294761197401954,interest_above_growth,0.025,0.05,0.04
38,2.5787980055069277,interest_above_growth,0.025,0.05,0.04
39,2.6285941401752635,interest_above_growth,0.025,0.05,0.04
40,2.6788690838307945,interest_above_growth,0.025,0.05,0.04
41,2.7296274404060905,interest_above_growth,0.025,0.05,0.04
42,2.7808738581023027,interest_above_growth,0.025,0.05,0.04
43,2.8326130298148247,interest_above_growth,0.025,0.05,0.04
44,2.884849693563044,interest_above_growth,0.025,0.05,0.04
45,2.9375886329242267,interest_above_growth,0.025,0.05,0.04
46,2.990834677471575,interest_above_growth,0.025,0.05,0.04
47,3.0445927032164937,interest_above_growth,0.025,0.05,0.04
48,3.0988676330551135,interest_above_growth,0.025,0.05,0.04
49,3.153664437219105,interest_above_growth,0.025,0.05,0.04
50,3.208988133730827,interest_above_growth,0.025,0.05,0.04
51,3.264843788862854,interest_above_growth,0.025,0.05,0.04
52,3.32123651760192,interest_above_growth,0.025,0.05,0.04
53,3.3781714841173227,interest_above_growth,0.025,0.05,0.04
54,3.435653902233835,interest_above_growth,0.025,0.05,0.04
55,3.4936890359091604,interest_above_growth,0.025,0.05,0.04
56,3.552282199715979,interest_above_growth,0.025,0.05,0.04
57,3.611438759328632,interest_above_growth,0.025,0.05,0.04
58,3.6711641320144843,interest_above_growth,0.025,0.05,0.04
59,3.731463787130008,interest_above_growth,0.025,0.05,0.04
60,3.7923432466216425,interest_above_growth,0.025,0.05,0.04
61,3.853808085531466,interest_above_growth,0.025,0.05,0.04
62,3.9158639325077296,interest_above_growth,0.025,0.05,0.04
63,3.9785164703203035,interest_above_growth,0.025,0.05,0.04
64,4.041771436381076,interest_above_growth,0.025,0.05,0.04
65,4.1056346232693555,interest_above_growth,0.025,0.05,0.04
66,4.17011187926233,interest_above_growth,0.025,0.05,0.04
67,4.235209108870622,interest_above_growth,0.025,0.05,0.04
68,4.300932273378994,interest_above_growth,0.025,0.05,0.04
69,4.367287391392253,interest_above_growth,0.025,0.05,0.04
70,4.4342805393864095,interest_above_growth,0.025,0.05,0.04
71,4.501917852265125,interest_above_growth,0.025,0.05,0.04
72,4.570205523921521,interest_above_growth,0.025,0.05,0.04
73,4.639149807805381,interest_above_growth,0.025,0.05,0.04
74,4.708757017495818,interest_above_growth,0.025,0.05,0.04
75,4.779033527279433,interest_above_growth,0.025,0.05,0.04
76,4.849985772734043,interest_above_growth,0.025,0.05,0.04
77,4.921620251318025,interest_above_growth,0.025,0.05,0.04
78,4.9939435229653135,interest_above_growth,0.025,0.05,0.04
79,5.066962210686134,interest_above_growth,0.025,0.05,0.04
80,5.1406830011735005,interest_above_growth,0.025,0.05,0.04
81,5.215112645415553,interest_above_growth,0.025,0.05,0.04
82,5.29025795931378,interest_above_growth,0.025,0.05,0.04
83,5.366125824307182,interest_above_growth,0.025,0.05,0.04
84,5.442723188002444,interest_above_growth,0.025,0.05,0.04
85,5.5200570648101595,interest_above_growth,0.025,0.05,0.04
86,5.59813453658718,interest_above_growth,0.025,0.05,0.04
87,5.6769627532851334,interest_above_growth,0.025,0.05,0.04
88,5.756548933605183,interest_above_growth,0.025,0.05,0.04
89,5.836900365659079,interest_above_growth,0.025,0.05,0.04
90,5.918024407636571,interest_above_growth,0.025,0.05,0.04
91,5.99992848847923,interest_above_growth,0.025,0.05,0.04
92,6.082620108560762,interest_above_growth,0.025,0.05,0.04
93,6.166106840373846,interest_above_growth,0.025,0.05,0.04
94,6.2503963292235944,interest_above_growth,0.025,0.05,0.04
95,6.335496293927668,interest_above_growth,0.025,0.05,0.04
96,6.421414527523127,interest_above_growth,0.025,0.05,0.04
97,6.50815889798008,interest_above_growth,0.025,0.05,0.04
98,6.595737348922197,interest_above_growth,0.025,0.05,0.04
99,6.684157900354141,interest_above_growth,0.025,0.05,0.04
100,6.773428649396008,interest_above_growth,0.025,0.05,0.04
