cohort_id,cusip,instrument_type,issue_date,maturity_date,principal_billions,original_principal_billions,coupon_rate,effective_interest_rate,frn_spread,public_holding_scale_factor
mspd-2025-09-30-912797MS3,912797MS3,bill,2024-10-03,2025-10-02,296.6132750536147,296.6132750536147,0.0,0.0411956375886634,0.0,0.9999354256498801
mspd-2025-09-30-912797NA1,912797NA1,bill,2024-10-31,2025-10-30,300.1455306457755,300.1455306457755,0.0,0.04113098421215676,0.0,0.9999354256498801
mspd-2025-09-30-912797NL7,912797NL7,bill,2024-11-29,2025-11-28,208.68874868941975,208.68874868941975,0.0,0.04142781236144509,0.0,0.9999354256498801
mspd-2025-09-30-912797NU7,912797NU7,bill,2024-12-26,2025-12-26,205.1549907942755,205.1549907942755,0.0,0.03999915065869595,0.0,0.9999354256498801
mspd-2025-09-30-912797PD3,912797PD3,bill,2025-01-23,2026-01-22,126.41404516802602,126.41404516802602,0.0,0.0407896520126296,0.0,0.9999354256498801
mspd-2025-09-30-912797PM3,912797PM3,bill,2025-02-20,2026-02-19,126.9202432785011,126.9202432785011,0.0,0.0398677758997677,0.0,0.9999354256498801
mspd-2025-09-30-912797PV3,912797PV3,bill,2025-03-20,2026-03-19,123.14371256126644,123.14371256126644,0.0,0.03804863914012043,0.0,0.9999354256498801
mspd-2025-09-30-912797QD2,912797QD2,bill,2025-04-17,2026-04-16,50.34562805383994,50.34562805383994,0.0,0.0382,0.0,0.9999354256498801
mspd-2025-09-30-912797QE0,912797QE0,bill,2025-04-10,2025-10-09,247.19689689019194,247.19689689019194,0.0,0.041647690612984914,0.0,0.9999354256498801
mspd-2025-09-30-912797QF7,912797QF7,bill,2025-04-17,2025-10-16,243.35397616032603,243.35397616032603,0.0,0.041711886152075814,0.0,0.9999354256498801
mspd-2025-09-30-912797QG5,912797QG5,bill,2025-04-24,2025-10-23,243.92238245348875,243.92238245348875,0.0,0.04130720252281539,0.0,0.9999354256498801
mspd-2025-09-30-912797QN0,912797QN0,bill,2025-05-15,2026-05-14,52.20526536121445,52.20526536121445,0.0,0.03930000000000001,0.0,0.9999354256498801
mspd-2025-09-30-912797QP5,912797QP5,bill,2025-05-08,2025-11-06,247.15682117822212,247.15682117822212,0.0,0.040876319951258774,0.0,0.9999354256498801
mspd-2025-09-30-912797QQ3,912797QQ3,bill,2025-05-15,2025-11-13,161.55388618909157,161.55388618909157,0.0,0.041293989841752136,0.0,0.9999354256498801
mspd-2025-09-30-912797QR1,912797QR1,bill,2025-05-22,2025-11-20,158.08709586928038,158.08709586928038,0.0,0.041345697714041174,0.0,0.9999354256498801
mspd-2025-09-30-912797QS9,912797QS9,bill,2025-06-05,2025-12-04,153.11257751631453,153.11257751631453,0.0,0.04092639310317453,0.0,0.9999354256498801
mspd-2025-09-30-912797QX8,912797QX8,bill,2025-06-12,2026-06-11,49.56485287514562,49.56485287514562,0.0,0.0394,0.0,0.9999354256498801
mspd-2025-09-30-912797QY6,912797QY6,bill,2025-06-12,2025-12-11,154.92198716731673,154.92198716731673,0.0,0.04035179210927823,0.0,0.9999354256498801
mspd-2025-09-30-912797QZ3,912797QZ3,bill,2025-06-20,2025-12-18,153.91861876336353,153.91861876336353,0.0,0.040180781320458624,0.0,0.9999354256498801
mspd-2025-09-30-912797RA7,912797RA7,bill,2025-07-03,2026-01-02,75.7673750550368,75.7673750550368,0.0,0.041100000000000005,0.0,0.9999354256498801
mspd-2025-09-30-912797RB5,912797RB5,bill,2025-06-10,2025-10-07,245.71974068275395,245.71974068275395,0.0,0.0420316282487906,0.0,0.9999354256498801
mspd-2025-09-30-912797RC3,912797RC3,bill,2025-06-17,2025-10-14,245.7137695683597,245.7137695683597,0.0,0.04142570362222819,0.0,0.9999354256498801
mspd-2025-09-30-912797RD1,912797RD1,bill,2025-06-24,2025-10-21,245.70479054821155,245.70479054821155,0.0,0.04150237299387125,0.0,0.9999354256498801
mspd-2025-09-30-912797RE9,912797RE9,bill,2025-07-01,2025-10-28,248.75692714574654,248.75692714574654,0.0,0.04131511934178353,0.0,0.9999354256498801
mspd-2025-09-30-912797RF6,912797RF6,bill,2025-07-10,2026-07-09,52.866123483974796,52.866123483974796,0.0,0.03925,0.0,0.9999354256498801
mspd-2025-09-30-912797RG4,912797RG4,bill,2025-08-07,2026-08-06,52.78229089775917,52.78229089775917,0.0,0.037599999999999995,0.0,0.9999354256498801
mspd-2025-09-30-912797RH2,912797RH2,bill,2025-07-10,2026-01-08,77.18745004869507,77.18745004869507,0.0,0.041449999999999994,0.0,0.9999354256498801
mspd-2025-09-30-912797RJ8,912797RJ8,bill,2025-07-17,2026-01-15,75.96871915253293,75.96871915253293,0.0,0.04125,0.0,0.9999354256498801
mspd-2025-09-30-912797RK5,912797RK5,bill,2025-07-31,2026-01-29,77.35095548975565,77.35095548975565,0.0,0.0412,0.0,0.9999354256498801
mspd-2025-09-30-912797RL3,912797RL3,bill,2025-08-07,2026-02-05,77.06852352879375,77.06852352879375,0.0,0.0398,0.0,0.9999354256498801
mspd-2025-09-30-912797RM1,912797RM1,bill,2025-07-08,2025-11-04,150.49495005882224,150.49495005882224,0.0,0.041368657904019786,0.0,0.9999354256498801
mspd-2025-09-30-912797RN9,912797RN9,bill,2025-07-15,2025-11-12,150.44235635524578,150.44235635524578,0.0,0.04099688146893095,0.0,0.9999354256498801
mspd-2025-09-30-912797RP4,912797RP4,bill,2025-07-22,2025-11-18,150.42581912319577,150.42581912319577,0.0,0.040798410724649986,0.0,0.9999354256498801
mspd-2025-09-30-912797RQ2,912797RQ2,bill,2025-07-29,2025-11-25,150.41886547225226,150.41886547225226,0.0,0.040974994993853535,0.0,0.9999354256498801
mspd-2025-09-30-912797RR0,912797RR0,bill,2025-08-05,2025-12-02,65.17285983315243,65.17285983315243,0.0,0.0421,0.0,0.9999354256498801
mspd-2025-09-30-912797RS8,912797RS8,bill,2025-09-04,2026-09-03,50.995658975804886,50.995658975804886,0.0,0.0366,0.0,0.9999354256498801
mspd-2025-09-30-912797RT6,912797RT6,bill,2025-08-14,2026-02-12,77.98200903725134,77.98200903725134,0.0,0.0397,0.0,0.9999354256498801
mspd-2025-09-30-912797RU3,912797RU3,bill,2025-08-28,2026-02-26,76.15660881889629,76.15660881889629,0.0,0.03915,0.0,0.9999354256498801
mspd-2025-09-30-912797RV1,912797RV1,bill,2025-09-04,2026-03-05,74.45566426337871,74.45566426337871,0.0,0.0388,0.0,0.9999354256498801
mspd-2025-09-30-912797RW9,912797RW9,bill,2025-08-12,2025-12-09,65.17016760701242,65.17016760701242,0.0,0.04105,0.0,0.9999354256498801
mspd-2025-09-30-912797RX7,912797RX7,bill,2025-08-19,2025-12-16,65.16844571820944,65.16844571820944,0.0,0.0405,0.0,0.9999354256498801
mspd-2025-09-30-912797RY5,912797RY5,bill,2025-08-26,2025-12-23,65.16807914188242,65.16807914188242,0.0,0.0405,0.0,0.9999354256498801
mspd-2025-09-30-912797RZ2,912797RZ2,bill,2025-09-02,2025-12-30,65.16631595574636,65.16631595574636,0.0,0.04019999999999999,0.0,0.9999354256498801
mspd-2025-09-30-912797SB4,912797SB4,bill,2025-09-11,2026-03-12,75.39699337373769,75.39699337373769,0.0,0.0373,0.0,0.9999354256498801
mspd-2025-09-30-912797SC2,912797SC2,bill,2025-09-25,2026-03-26,75.98209138897367,75.98209138897367,0.0,0.03705,0.0,0.9999354256498801
mspd-2025-09-30-912797SE8,912797SE8,bill,2025-09-09,2026-01-06,65.17833917930437,65.17833917930437,0.0,0.03965,0.0,0.9999354256498801
mspd-2025-09-30-912797SF5,912797SF5,bill,2025-09-16,2026-01-13,65.18773027284145,65.18773027284145,0.0,0.0385,0.0,0.9999354256498801
mspd-2025-09-30-912797SG3,912797SG3,bill,2025-09-23,2026-01-20,65.17923532143283,65.17923532143283,0.0,0.038149999999999996,0.0,0.9999354256498801
mspd-2025-09-30-912797SH1,912797SH1,bill,2025-09-30,2026-01-27,65.18215993256578,65.18215993256578,0.0,0.03805,0.0,0.9999354256498801
mspd-2025-09-30-912810EW4,912810EW4,bond,1996-02-15,2026-02-15,12.814411993271529,12.814411993271529,0.06,0.061187,0.0,0.998169172727998
mspd-2025-09-30-912810EX2,912810EX2,bond,1996-08-15,2026-08-15,8.794287646447863,8.794287646447863,0.0675,0.067683,0.0,0.998169172727998
mspd-2025-09-30-912810EY0,912810EY0,bond,1996-11-15,2026-11-15,10.840293891769631,10.840293891769631,0.065,0.066193,0.0,0.998169172727998
mspd-2025-09-30-912810EZ7,912810EZ7,bond,1997-02-18,2027-02-15,9.504537915809987,9.504537915809987,0.06625,0.066397,0.0,0.998169172727998
mspd-2025-09-30-912810FA1,912810FA1,bond,1997-08-15,2027-08-15,9.17991832830125,9.17991832830125,0.06375,0.064452,0.0,0.998169172727998
mspd-2025-09-30-912810FB9,912810FB9,bond,1997-11-17,2027-11-15,21.9810217319928,21.9810217319928,0.06125,0.060104881140290674,0.0,0.998169172727998
mspd-2025-09-30-912810FD5,912810FD5,tips,1998-04-15,2028-04-15,33.376051918941045,16.803141723483083,0.03625,0.03709999182555374,0.0,0.9996825247046806
mspd-2025-09-30-912810FE3,912810FE3,bond,1998-08-17,2028-08-15,11.75464081004862,11.75464081004862,0.055,0.055903999999999995,0.0,0.998169172727998
mspd-2025-09-30-912810FF0,912810FF0,bond,1998-11-16,2028-11-15,10.927009838650376,10.927009838650376,0.0525,0.053000000000000005,0.0,0.998169172727998
mspd-2025-09-30-912810FG8,912810FG8,bond,1999-02-16,2029-02-15,11.329560486150678,11.329560486150678,0.0525,0.05298,0.0,0.998169172727998
mspd-2025-09-30-912810FH6,912810FH6,tips,1999-04-15,2029-04-15,37.984759938359744,19.715842719208275,0.03875,0.040020082831933146,0.0,0.9996825247046806
mspd-2025-09-30-912810FJ2,912810FJ2,bond,1999-08-16,2029-08-15,11.158113950873744,11.158113950873744,0.06125,0.06144000000000001,0.0,0.998169172727998
mspd-2025-09-30-912810FM5,912810FM5,bond,2000-02-15,2030-05-15,17.011958914209252,17.011958914209252,0.0625,0.06122156515381359,0.0,0.998169172727998
mspd-2025-09-30-912810FP8,912810FP8,bond,2001-02-15,2031-02-15,16.39757181402675,16.39757181402675,0.05375,0.054802365731235536,0.0,0.998169172727998
mspd-2025-09-30-912810FQ6,912810FQ6,tips,2001-10-15,2032-04-15,9.11887054099404,5.010643739213164,0.03375,0.03465,0.0,0.9996825247046806
mspd-2025-09-30-912810FS2,912810FS2,tips,2006-01-31,2026-01-15,32.413947627696864,19.993767456949,0.02,0.022263554824704282,0.0,0.9996825247046806
mspd-2025-09-30-912810FT0,912810FT0,bond,2006-02-15,2036-02-15,26.34880141449342,26.34880141449342,0.045,0.04770775758576785,0.0,0.998169172727998
mspd-2025-09-30-912810PS1,912810PS1,tips,2007-01-31,2027-01-15,26.25903134109711,16.477118260748718,0.02375,0.024996545614154195,0.0,0.9996825247046806
mspd-2025-09-30-912810PT9,912810PT9,bond,2007-02-15,2037-02-15,16.55908357152752,16.55908357152752,0.0475,0.048226007466429285,0.0,0.998169172727998
mspd-2025-09-30-912810PU6,912810PU6,bond,2007-08-15,2037-05-15,21.37384141323739,21.37384141323739,0.05,0.04920122556413626,0.0,0.998169172727998
mspd-2025-09-30-912810PV4,912810PV4,tips,2008-01-31,2028-01-15,24.004102908824756,15.629449160210921,0.0175,0.019825094409398565,0.0,0.9996825247046806
mspd-2025-09-30-912810PW2,912810PW2,bond,2008-02-15,2038-02-15,22.48390904345414,22.48390904345414,0.04375,0.04510469772006434,0.0,0.998169172727998
mspd-2025-09-30-912810PX0,912810PX0,bond,2008-08-15,2038-05-15,25.45343647973836,25.45343647973836,0.045,0.0447096805576952,0.0,0.998169172727998
mspd-2025-09-30-912810PZ5,912810PZ5,tips,2009-01-30,2029-01-15,21.25810016388621,14.146014963484264,0.025,0.02450884475266237,0.0,0.9996825247046806
mspd-2025-09-30-912810QA9,912810QA9,bond,2009-02-17,2039-02-15,25.861135184747006,25.861135184747006,0.035,0.035832122135744486,0.0,0.998169172727998
mspd-2025-09-30-912810QB7,912810QB7,bond,2009-05-15,2039-05-15,38.70777576481682,38.70777576481682,0.0425,0.044161634354444375,0.0,0.998169172727998
mspd-2025-09-30-912810QC5,912810QC5,bond,2009-08-17,2039-08-15,41.35468604076972,41.35468604076972,0.045,0.0429783251473185,0.0,0.998169172727998
mspd-2025-09-30-912810QD3,912810QD3,bond,2009-11-16,2039-11-15,44.48265965739143,44.48265965739143,0.04375,0.04535778244873422,0.0,0.998169172727998
mspd-2025-09-30-912810QE1,912810QE1,bond,2010-02-16,2040-02-15,44.82028159617795,44.82028159617795,0.04625,0.04723524592886555,0.0,0.998169172727998
mspd-2025-09-30-912810QF8,912810QF8,tips,2010-02-26,2040-02-15,22.405574947948907,15.16646359336988,0.02125,0.020110891318195358,0.0,0.9996825247046806
mspd-2025-09-30-912810QH4,912810QH4,bond,2010-05-17,2040-05-15,43.393452764715526,43.393452764715526,0.04375,0.04274726101887633,0.0,0.998169172727998
mspd-2025-09-30-912810QK7,912810QK7,bond,2010-08-16,2040-08-15,43.1342006810889,43.1342006810889,0.03875,0.038822969797634235,0.0,0.998169172727998
mspd-2025-09-30-912810QL5,912810QL5,bond,2010-11-15,2040-11-15,42.824640372072196,42.824640372072196,0.0425,0.04408048965647162,0.0,0.998169172727998
mspd-2025-09-30-912810QN1,912810QN1,bond,2011-02-15,2041-02-15,42.92621047367997,42.92621047367997,0.0475,0.046258296591128546,0.0,0.998169172727998
mspd-2025-09-30-912810QP6,912810QP6,tips,2011-02-28,2041-02-15,35.36387185050412,23.97704256390404,0.02125,0.016948835379931283,0.0,0.9996825247046806
mspd-2025-09-30-912810QQ4,912810QQ4,bond,2011-05-16,2041-05-15,41.9186207799336,41.9186207799336,0.04375,0.0427971876361165,0.0,0.998169172727998
mspd-2025-09-30-912810QS0,912810QS0,bond,2011-08-15,2041-08-15,42.41104767773241,42.41104767773241,0.0375,0.03422630229981298,0.0,0.998169172727998
mspd-2025-09-30-912810QT8,912810QT8,bond,2011-11-15,2041-11-15,44.5407479127645,44.5407479127645,0.03125,0.03049484309901278,0.0,0.998169172727998
mspd-2025-09-30-912810QU5,912810QU5,bond,2012-02-15,2042-02-15,47.13259428612077,47.13259428612077,0.03125,0.03278849286159418,0.0,0.998169172727998
mspd-2025-09-30-912810QV3,912810QV3,tips,2012-02-29,2042-02-15,32.48807555073884,23.12032423718437,0.0075,0.0060625584105723895,0.0,0.9996825247046806
mspd-2025-09-30-912810QW1,912810QW1,bond,2012-05-15,2042-05-15,43.83827807265303,43.83827807265303,0.03,0.02821787869534966,0.0,0.998169172727998
mspd-2025-09-30-912810QX9,912810QX9,bond,2012-08-15,2042-08-15,41.71891208270005,41.71891208270005,0.0275,0.028714255312285473,0.0,0.998169172727998
mspd-2025-09-30-912810QY7,912810QY7,bond,2012-11-15,2042-11-15,41.86721706387645,41.86721706387645,0.0275,0.029274177846267225,0.0,0.998169172727998
mspd-2025-09-30-912810QZ4,912810QZ4,bond,2013-02-15,2043-02-15,41.92286419672071,41.92286419672071,0.03125,0.03144714631537703,0.0,0.998169172727998
mspd-2025-09-30-912810RA8,912810RA8,tips,2013-02-28,2043-02-15,32.23633262180092,22.99250352998834,0.00625,0.010869966876589313,0.0,0.9996825247046806
mspd-2025-09-30-912810RB6,912810RB6,bond,2013-05-15,2043-05-15,41.72279126755602,41.72279126755602,0.02875,0.033065413813999356,0.0,0.998169172727998
mspd-2025-09-30-912810RC4,912810RC4,bond,2013-08-15,2043-08-15,41.82724947184817,41.82724947184817,0.03625,0.03736811917437476,0.0,0.998169172727998
mspd-2025-09-30-912810RD2,912810RD2,bond,2013-11-15,2043-11-15,41.91790169886157,41.91790169886157,0.0375,0.03865411089725044,0.0,0.998169172727998
mspd-2025-09-30-912810RE0,912810RE0,bond,2014-02-18,2044-02-15,41.76826855378393,41.76826855378393,0.03625,0.036203567331085165,0.0,0.998169172727998
mspd-2025-09-30-912810RF7,912810RF7,tips,2014-02-28,2044-02-15,31.76748043589798,23.010404345116967,0.01375,0.012248080786257474,0.0,0.9996825247046806
mspd-2025-09-30-912810RG5,912810RG5,bond,2014-05-15,2044-05-15,41.91124151487346,41.91124151487346,0.03375,0.034192631320982894,0.0,0.998169172727998
mspd-2025-09-30-912810RH3,912810RH3,bond,2014-08-15,2044-08-15,41.92313500001726,41.92313500001726,0.03125,0.031825239333425424,0.0,0.998169172727998
mspd-2025-09-30-912810RJ9,912810RJ9,bond,2014-11-17,2044-11-15,41.39895813753847,41.39895813753847,0.03,0.028117188123103008,0.0,0.998169172727998
mspd-2025-09-30-912810RK6,912810RK6,bond,2015-02-17,2045-02-15,41.92371313960211,41.92371313960211,0.025,0.02608904064293449,0.0,0.998169172727998
mspd-2025-09-30-912810RL4,912810RL4,tips,2015-02-27,2045-02-15,31.506859821241026,22.992691070429984,0.0075,0.010422608214532935,0.0,0.9996825247046806
mspd-2025-09-30-912810RM2,912810RM2,bond,2015-05-15,2045-05-15,41.21012758776623,41.21012758776623,0.03,0.030851216223150704,0.0,0.998169172727998
mspd-2025-09-30-912810RN0,912810RN0,bond,2015-08-17,2045-08-15,40.22720205537646,40.22720205537646,0.02875,0.029211600417005403,0.0,0.998169172727998
mspd-2025-09-30-912810RP5,912810RP5,bond,2015-11-16,2045-11-15,41.71515637137074,41.71515637137074,0.03,0.029906169843902833,0.0,0.998169172727998
mspd-2025-09-30-912810RQ3,912810RQ3,bond,2016-02-16,2046-02-15,38.49955408197674,38.49955408197674,0.025,0.025943950359902837,0.0,0.998169172727998
mspd-2025-09-30-912810RR1,912810RR1,tips,2016-02-29,2046-02-15,27.715258003356936,20.371225585261946,0.01,0.009414200393174988,0.0,0.9996825247046806
mspd-2025-09-30-912810RS9,912810RS9,bond,2016-05-16,2046-05-15,40.40342732556783,40.40342732556783,0.025,0.02444939420461675,0.0,0.998169172727998
mspd-2025-09-30-912810RT7,912810RT7,bond,2016-08-15,2046-08-15,40.46219164092159,40.46219164092159,0.0225,0.023915242141170738,0.0,0.998169172727998
mspd-2025-09-30-912810RU4,912810RU4,bond,2016-11-15,2046-11-15,39.991422818198785,39.991422818198785,0.02875,0.029753894417592755,0.0,0.998169172727998
mspd-2025-09-30-912810RV2,912810RV2,bond,2017-02-15,2047-02-15,36.54946550587143,36.54946550587143,0.03,0.03033640143562764,0.0,0.998169172727998
mspd-2025-09-30-912810RW0,912810RW0,tips,2017-02-28,2047-02-15,24.883042217091372,18.695379993799065,0.00875,0.009059955166526988,0.0,0.9996825247046806
mspd-2025-09-30-912810RX8,912810RX8,bond,2017-05-15,2047-05-15,42.755693134085924,42.755693134085924,0.03,0.029695200807613675,0.0,0.998169172727998
mspd-2025-09-30-912810RY6,912810RY6,bond,2017-08-15,2047-08-15,43.431668969113346,43.431668969113346,0.0275,0.02824617906891391,0.0,0.998169172727998
mspd-2025-09-30-912810RZ3,912810RZ3,bond,2017-11-15,2047-11-15,41.15326797882787,41.15326797882787,0.0275,0.028217328477843005,0.0,0.998169172727998
mspd-2025-09-30-912810SA7,912810SA7,bond,2018-02-15,2048-02-15,44.869207157629965,44.869207157629965,0.03,0.03095276220065783,0.0,0.998169172727998
mspd-2025-09-30-912810SB5,912810SB5,tips,2018-02-28,2048-02-15,24.360861149247732,18.70061203222862,0.01,0.01046567766509004,0.0,0.9996825247046806
mspd-2025-09-30-912810SC3,912810SC3,bond,2018-05-15,2048-05-15,48.57852198671726,48.57852198671726,0.03125,0.030722768298805346,0.0,0.998169172727998
mspd-2025-09-30-912810SD1,912810SD1,bond,2018-08-15,2048-08-15,50.24761765589551,50.24761765589551,0.03,0.03164977770533253,0.0,0.998169172727998
mspd-2025-09-30-912810SE9,912810SE9,bond,2018-11-15,2048-11-15,54.389520837764174,54.389520837764174,0.03375,0.0323257469941199,0.0,0.998169172727998
mspd-2025-09-30-912810SF6,912810SF6,bond,2019-02-15,2049-02-15,55.3849255809683,55.3849255809683,0.03,0.029932075252193137,0.0,0.998169172727998
mspd-2025-09-30-912810SG4,912810SG4,tips,2019-02-28,2049-02-15,19.30247295176428,15.380131237628897,0.01,0.00823646433611676,0.0,0.9996825247046806
mspd-2025-09-30-912810SH2,912810SH2,bond,2019-05-15,2049-05-15,57.10163372005184,57.10163372005184,0.02875,0.027433812250180937,0.0,0.998169172727998
mspd-2025-09-30-912810SJ8,912810SJ8,bond,2019-08-15,2049-08-15,63.21440985562494,63.21440985562494,0.0225,0.022769546776306236,0.0,0.998169172727998
mspd-2025-09-30-912810SK5,912810SK5,bond,2019-11-15,2049-11-15,59.97075132657466,59.97075132657466,0.02375,0.023731873264747776,0.0,0.998169172727998
mspd-2025-09-30-912810SL3,912810SL3,bond,2020-02-18,2050-02-15,59.912968211517686,59.912968211517686,0.02,0.01657496306242986,0.0,0.998169172727998
mspd-2025-09-30-912810SM1,912810SM1,tips,2020-02-28,2050-02-15,19.42018187694078,15.603097828764463,0.0025,1.1923851040228936e-05,0.0,0.9996825247046806
mspd-2025-09-30-912810SN9,912810SN9,bond,2020-05-15,2050-05-15,73.43210940082315,73.43210940082315,0.0125,0.013669167849405882,0.0,0.998169172727998
mspd-2025-09-30-912810SP4,912810SP4,bond,2020-08-17,2050-08-15,88.85553138619292,88.85553138619292,0.01375,0.014696816794793302,0.0,0.998169172727998
mspd-2025-09-30-912810SQ2,912810SQ2,bond,2020-08-31,2040-08-15,76.0442701139151,76.0442701139151,0.01125,0.01252985978368308,0.0,0.998169172727998
mspd-2025-09-30-912810SR0,912810SR0,bond,2020-06-01,2040-05-15,59.92672238381638,59.92672238381638,0.01125,0.011995967544852909,0.0,0.998169172727998
mspd-2025-09-30-912810SS8,912810SS8,bond,2020-11-16,2050-11-15,85.30179759264972,85.30179759264972,0.01625,0.01720244251511589,0.0,0.998169172727998
mspd-2025-09-30-912810ST6,912810ST6,bond,2020-11-30,2040-11-15,85.25060409102036,85.25060409102036,0.01375,0.015122555069977343,0.0,0.998169172727998
mspd-2025-09-30-912810SU3,912810SU3,bond,2021-02-16,2051-02-15,89.43944258482753,89.43944258482753,0.01875,0.021546415401244877,0.0,0.998169172727998
mspd-2025-09-30-912810SV1,912810SV1,tips,2021-02-26,2051-02-15,21.74969382076108,17.993325849428786,0.00125,-0.0016606335407853222,0.0,0.9996825247046806
mspd-2025-09-30-912810SW9,912810SW9,bond,2021-03-01,2041-02-15,86.31976135842517,86.31976135842517,0.01875,0.021080640437741188,0.0,0.998169172727998
mspd-2025-09-30-912810SX7,912810SX7,bond,2021-05-17,2051-05-15,94.72883655590303,94.72883655590303,0.02375,0.022181623607198026,0.0,0.998169172727998
mspd-2025-09-30-912810SY5,912810SY5,bond,2021-06-01,2041-05-15,77.91892285332685,77.91892285332685,0.0225,0.02111915988640419,0.0,0.998169172727998
mspd-2025-09-30-912810SZ2,912810SZ2,bond,2021-08-16,2051-08-15,91.0596423381782,91.0596423381782,0.02,0.020047732367826327,0.0,0.998169172727998
mspd-2025-09-30-912810TA6,912810TA6,bond,2021-08-31,2041-08-15,78.72933740283386,78.72933740283386,0.0175,0.019112877247261573,0.0,0.998169172727998
mspd-2025-09-30-912810TB4,912810TB4,bond,2021-11-15,2051-11-15,90.07010203849768,90.07010203849768,0.01875,0.019656058749854783,0.0,0.998169172727998
mspd-2025-09-30-912810TC2,912810TC2,bond,2021-11-30,2041-11-15,70.02123387873154,70.02123387873154,0.02,0.020725644587792327,0.0,0.998169172727998
mspd-2025-09-30-912810TD0,912810TD0,bond,2022-02-15,2052-02-15,84.86472386687379,84.86472386687379,0.0225,0.0248796542745828,0.0,0.998169172727998
mspd-2025-09-30-912810TE8,912810TE8,tips,2022-02-28,2052-02-15,22.705675838523106,19.57077268998498,0.00125,0.005298264010777674,0.0,0.9996825247046806
mspd-2025-09-30-912810TF5,912810TF5,bond,2022-02-28,2042-02-15,58.363317258590925,58.363317258590925,0.02375,0.026915818820171338,0.0,0.998169172727998
mspd-2025-09-30-912810TG3,912810TG3,bond,2022-05-16,2052-05-15,78.25763060053946,78.25763060053946,0.02875,0.03076946427779358,0.0,0.998169172727998
mspd-2025-09-30-912810TH1,912810TH1,bond,2022-05-31,2042-05-15,47.26314882489856,47.26314882489856,0.0325,0.03389550898802782,0.0,0.998169172727998
mspd-2025-09-30-912810TJ7,912810TJ7,bond,2022-08-15,2052-08-15,69.81087102319904,69.81087102319904,0.03,0.03420782457257221,0.0,0.998169172727998
mspd-2025-09-30-912810TK4,912810TK4,bond,2022-08-31,2042-08-15,40.619369946775876,40.619369946775876,0.03375,0.03806189116207673,0.0,0.998169172727998
mspd-2025-09-30-912810TL2,912810TL2,bond,2022-11-15,2052-11-15,64.22211673443219,64.22211673443219,0.04,0.03783008587220325,0.0,0.998169172727998
mspd-2025-09-30-912810TM0,912810TM0,bond,2022-11-30,2042-11-15,40.53094243921466,40.53094243921466,0.04,0.0391511627289283,0.0,0.998169172727998
mspd-2025-09-30-912810TN8,912810TN8,bond,2023-02-15,2053-02-15,65.86322234257031,65.86322234257031,0.03625,0.03730605621556728,0.0,0.998169172727998
mspd-2025-09-30-912810TP3,912810TP3,tips,2023-02-28,2053-02-15,20.724709477299776,19.857632690099766,0.015,0.017365094318906236,0.0,0.9996825247046806
mspd-2025-09-30-912810TQ1,912810TQ1,bond,2023-02-28,2043-02-15,43.480268628330464,43.480268628330464,0.03875,0.039410597265756506,0.0,0.998169172727998
mspd-2025-09-30-912810TR9,912810TR9,bond,2023-05-15,2053-05-15,62.478475795096266,62.478475795096266,0.03625,0.03837441902182796,0.0,0.998169172727998
mspd-2025-09-30-912810TS7,912810TS7,bond,2023-05-31,2043-05-15,41.57715069935238,41.57715069935238,0.03875,0.03993457530571643,0.0,0.998169172727998
mspd-2025-09-30-912810TT5,912810TT5,bond,2023-08-15,2053-08-15,71.44326121702238,71.44326121702238,0.04125,0.044136333211784506,0.0,0.998169172727998
mspd-2025-09-30-912810TU2,912810TU2,bond,2023-08-31,2043-08-15,43.57145417713285,43.57145417713285,0.04375,0.047488592897593725,0.0,0.998169172727998
mspd-2025-09-30-912810TV0,912810TV0,bond,2023-11-15,2053-11-15,66.32199766359818,66.32199766359818,0.0475,0.04464090925348023,0.0,0.998169172727998
mspd-2025-09-30-912810TW8,912810TW8,bond,2023-11-30,2043-11-15,42.10069502202641,42.10069502202641,0.0475,0.04495256831291248,0.0,0.998169172727998
mspd-2025-09-30-912810TX6,912810TX6,bond,2024-02-15,2054-02-15,71.06843851133746,71.06843851133746,0.0425,0.04448724789876769,0.0,0.998169172727998
mspd-2025-09-30-912810TY4,912810TY4,tips,2024-02-29,2054-02-15,18.2751803004964,17.36276689989208,0.02125,0.021332980498950823,0.0,0.9996825247046806
mspd-2025-09-30-912810TZ1,912810TZ1,bond,2024-02-29,2044-02-15,42.64383100995507,42.64383100995507,0.045,0.046470641012509334,0.0,0.998169172727998
mspd-2025-09-30-912810UA4,912810UA4,bond,2024-05-15,2054-05-15,76.28089020880388,76.28089020880388,0.04625,0.04489102986182289,0.0,0.998169172727998
mspd-2025-09-30-912810UB2,912810UB2,bond,2024-05-31,2044-05-15,44.03393659865133,44.03393659865133,0.04625,0.04526654413599928,0.0,0.998169172727998
mspd-2025-09-30-912810UC0,912810UC0,bond,2024-08-15,2054-08-15,74.13083550763538,74.13083550763538,0.0425,0.042471047918498595,0.0,0.998169172727998
mspd-2025-09-30-912810UD8,912810UD8,bond,2024-09-03,2044-08-15,43.67723186125442,43.67723186125442,0.04125,0.042532061982646835,0.0,0.998169172727998
mspd-2025-09-30-912810UE6,912810UE6,bond,2024-11-15,2054-11-15,79.91627603738075,79.91627603738075,0.045,0.04690024105985785,0.0,0.998169172727998
mspd-2025-09-30-912810UF3,912810UF3,bond,2024-12-02,2044-11-15,43.839923853985034,43.839923853985034,0.04625,0.04750443860677891,0.0,0.998169172727998
mspd-2025-09-30-912810UG1,912810UG1,bond,2025-02-18,2055-02-15,79.75604083843498,79.75604083843498,0.04625,0.04733899356897588,0.0,0.998169172727998
mspd-2025-09-30-912810UH9,912810UH9,tips,2025-02-28,2055-02-15,18.3247167190729,17.9003005920289,0.02375,0.025133415856205356,0.0,0.9996825247046806
mspd-2025-09-30-912810UJ5,912810UJ5,bond,2025-02-28,2045-02-15,44.78280064319277,44.78280064319277,0.0475,0.04764788454907705,0.0,0.998169172727998
mspd-2025-09-30-912810UK2,912810UK2,bond,2025-05-15,2055-05-15,80.65474185419913,80.65474185419913,0.0475,0.04847242435489539,0.0,0.998169172727998
mspd-2025-09-30-912810UL0,912810UL0,bond,2025-06-02,2045-05-15,46.27913239341992,46.27913239341992,0.05,0.0498109582834916,0.0,0.998169172727998
mspd-2025-09-30-912810UM8,912810UM8,bond,2025-08-15,2055-08-15,55.379409398669054,55.379409398669054,0.0475,0.04748771405722416,0.0,0.998169172727998
mspd-2025-09-30-912810UN6,912810UN6,bond,2025-09-02,2045-08-15,31.578037426416184,31.578037426416184,0.04875,0.04762046430755404,0.0,0.998169172727998
mspd-2025-09-30-9128282A7,9128282A7,note,2016-08-15,2026-08-15,64.3830967537835,64.3830967537835,0.015,0.016517244748571483,0.0,0.999671702576533
mspd-2025-09-30-9128282L3,9128282L3,tips,2017-07-31,2027-07-15,48.62261568300967,36.904946270432454,0.00375,0.004846058429018933,0.0,0.9996825247046806
mspd-2025-09-30-9128282R0,9128282R0,note,2017-08-15,2027-08-15,69.7994378989803,69.7994378989803,0.0225,0.022574371149294017,0.0,0.999671702576533
mspd-2025-09-30-9128283F5,9128283F5,note,2017-11-15,2027-11-15,65.7265256646922,65.7265256646922,0.0225,0.02417491393520051,0.0,0.999671702576533
mspd-2025-09-30-9128283R9,9128283R9,tips,2018-01-31,2028-01-15,50.66088479311846,38.807499464974846,0.005,0.0073757188928817346,0.0,0.9996825247046806
mspd-2025-09-30-9128283W8,9128283W8,note,2018-02-15,2028-02-15,69.87115844557712,69.87115844557712,0.0275,0.02829441046847342,0.0,0.999671702576533
mspd-2025-09-30-9128284N7,9128284N7,note,2018-05-15,2028-05-15,73.30515700246355,73.30515700246355,0.02875,0.02945345864774928,0.0,0.999671702576533
mspd-2025-09-30-9128284V9,9128284V9,note,2018-08-15,2028-08-15,73.96342012540595,73.96342012540595,0.02875,0.03039820050779283,0.0,0.999671702576533
mspd-2025-09-30-9128285J5,9128285J5,note,2018-10-31,2025-10-31,29.459324103654637,29.459324103654637,0.03,0.03074,0.0,0.999671702576533
mspd-2025-09-30-9128285M8,9128285M8,note,2018-11-15,2028-11-15,80.46043067311035,80.46043067311035,0.03125,0.02977964149001025,0.0,0.999671702576533
mspd-2025-09-30-9128285N6,9128285N6,note,2018-11-30,2025-11-30,31.206942276692484,31.206942276692484,0.02875,0.02974,0.0,0.999671702576533
mspd-2025-09-30-9128285T3,9128285T3,note,2018-12-31,2025-12-31,31.985652744096054,31.985652744096054,0.02625,0.0268,0.0,0.999671702576533
mspd-2025-09-30-9128285W6,9128285W6,tips,2019-01-31,2029-01-15,46.23938555565156,36.1437213172979,0.00875,0.006969121563115028,0.0,0.9996825247046806
mspd-2025-09-30-9128286A3,9128286A3,note,2019-01-31,2026-01-31,30.989926945663935,30.989926945663935,0.02625,0.02625,0.0,0.999671702576533
mspd-2025-09-30-9128286B1,9128286B1,note,2019-02-15,2029-02-15,81.04385977193826,81.04385977193826,0.02625,0.026015365075352303,0.0,0.999671702576533
mspd-2025-09-30-9128286F2,9128286F2,note,2019-02-28,2026-02-28,33.16021111297531,33.16021111297531,0.025,0.02538,0.0,0.999671702576533
mspd-2025-09-30-9128286L9,9128286L9,note,2019-04-01,2026-03-31,31.759540700475572,31.759540700475572,0.0225,0.02281,0.0,0.999671702576533
mspd-2025-09-30-9128286S4,9128286S4,note,2019-04-30,2026-04-30,32.37161079345098,32.37161079345098,0.02375,0.02426,0.0,0.999671702576533
mspd-2025-09-30-9128286T2,9128286T2,note,2019-05-15,2029-05-15,84.1454251016378,84.1454251016378,0.02375,0.022606914164589,0.0,0.999671702576533
mspd-2025-09-30-9128286X3,9128286X3,note,2019-05-31,2026-05-31,34.53622502279968,34.53622502279968,0.02125,0.02144,0.0,0.999671702576533
mspd-2025-09-30-9128287B0,9128287B0,note,2019-07-01,2026-06-30,33.817016414673844,33.817016414673844,0.01875,0.01889,0.0,0.999671702576533
mspd-2025-09-30-9128287D6,9128287D6,tips,2019-07-31,2029-07-15,50.18526436482767,39.78935695048628,0.0025,0.0020595848509656666,0.0,0.9996825247046806
mspd-2025-09-30-912828M56,912828M56,note,2015-11-16,2025-11-15,66.02513639936278,66.02513639936278,0.0225,0.022134881656018915,0.0,0.999671702576533
mspd-2025-09-30-912828N71,912828N71,tips,2016-01-29,2026-01-15,57.264341682524865,42.406528999147206,0.00625,0.004469652480026265,0.0,0.9996825247046806
mspd-2025-09-30-912828P46,912828P46,note,2016-02-16,2026-02-15,61.46647398797724,61.46647398797724,0.01625,0.017916650145929986,0.0,0.999671702576533
mspd-2025-09-30-912828R36,912828R36,note,2016-05-16,2026-05-15,66.84980527378475,66.84980527378475,0.01625,0.016482375247326733,0.0,0.999671702576533
mspd-2025-09-30-912828S50,912828S50,tips,2016-07-29,2026-07-15,49.63223004264077,36.82899738998306,0.00125,0.0015425086677657378,0.0,0.9996825247046806
mspd-2025-09-30-912828U24,912828U24,note,2016-11-15,2026-11-15,67.95625770900939,67.95625770900939,0.02,0.02252802328729878,0.0,0.999671702576533
mspd-2025-09-30-912828V49,912828V49,tips,2017-01-31,2027-01-15,51.03514836438644,38.46630142132498,0.00375,0.0044049068264776755,0.0,0.9996825247046806
mspd-2025-09-30-912828V98,912828V98,note,2017-02-15,2027-02-15,64.51668078408822,64.51668078408822,0.0225,0.024016713602353502,0.0,0.999671702576533
mspd-2025-09-30-912828X88,912828X88,note,2017-05-15,2027-05-15,69.6153585516022,69.6153585516022,0.02375,0.023207007911598233,0.0,0.999671702576533
mspd-2025-09-30-912828Y38,912828Y38,tips,2018-07-31,2028-07-15,46.958557368869016,36.659900391151496,0.0075,0.00919618062176588,0.0,0.9996825247046806
mspd-2025-09-30-912828Y95,912828Y95,note,2019-07-31,2026-07-31,31.451803363029132,31.451803363029132,0.01875,0.01967,0.0,0.999671702576533
mspd-2025-09-30-912828YB0,912828YB0,note,2019-08-15,2029-08-15,92.58826352927406,92.58826352927406,0.01625,0.016671495909053754,0.0,0.999671702576533
mspd-2025-09-30-912828YD6,912828YD6,note,2019-09-03,2026-08-31,35.579697540958946,35.579697540958946,0.01375,0.014890000000000002,0.0,0.999671702576533
mspd-2025-09-30-912828YG9,912828YG9,note,2019-09-30,2026-09-30,35.312613552739684,35.312613552739684,0.01625,0.01633,0.0,0.999671702576533
mspd-2025-09-30-912828YQ7,912828YQ7,note,2019-10-31,2026-10-31,34.97118188068921,34.97118188068921,0.01625,0.01657,0.0,0.999671702576533
mspd-2025-09-30-912828YS3,912828YS3,note,2019-11-15,2029-11-15,88.5234356400447,88.5234356400447,0.0175,0.018347257243146693,0.0,0.999671702576533
mspd-2025-09-30-912828YU8,912828YU8,note,2019-12-02,2026-11-30,33.62144664081199,33.62144664081199,0.01625,0.01719,0.0,0.999671702576533
mspd-2025-09-30-912828YX2,912828YX2,note,2019-12-31,2026-12-31,35.000207148639184,35.000207148639184,0.0175,0.018349999999999998,0.0,0.999671702576533
mspd-2025-09-30-912828Z37,912828Z37,tips,2020-01-31,2030-01-15,51.45939910404351,41.045524421697344,0.00125,0.0010163736588469459,0.0,0.9996825247046806
mspd-2025-09-30-912828Z78,912828Z78,note,2020-01-31,2027-01-31,98.29356047987079,98.29356047987079,0.015,0.015462581704811204,0.0,0.999671702576533
mspd-2025-09-30-912828Z94,912828Z94,note,2020-02-18,2030-02-15,87.37290198132479,87.37290198132479,0.015,0.01172137096373158,0.0,0.999671702576533
mspd-2025-09-30-912828ZB9,912828ZB9,note,2020-03-02,2027-02-28,36.82423062977364,36.82423062977364,0.01125,0.012470000000000002,0.0,0.999671702576533
mspd-2025-09-30-912828ZE3,912828ZE3,note,2020-03-31,2027-03-31,35.876722596374904,35.876722596374904,0.00625,0.0068000000000000005,0.0,0.999671702576533
mspd-2025-09-30-912828ZN3,912828ZN3,note,2020-04-30,2027-04-30,37.20637143273227,37.20637143273227,0.005,0.00525,0.0,0.999671702576533
mspd-2025-09-30-912828ZQ6,912828ZQ6,note,2020-05-15,2030-05-15,109.84364827054029,109.84364827054029,0.00625,0.007218406850557952,0.0,0.999671702576533
mspd-2025-09-30-912828ZS2,912828ZS2,note,2020-06-01,2027-05-31,41.960574427565966,41.960574427565966,0.005,0.00553,0.0,0.999671702576533
mspd-2025-09-30-912828ZV5,912828ZV5,note,2020-06-30,2027-06-30,45.93664606481338,45.93664606481338,0.005,0.00511,0.0,0.999671702576533
mspd-2025-09-30-912828ZZ6,912828ZZ6,tips,2020-07-31,2030-07-15,53.702313091806516,42.88350712228654,0.00125,-0.009213805956170131,0.0,0.9996825247046806
mspd-2025-09-30-91282CAD3,91282CAD3,note,2020-07-31,2027-07-31,48.7221005069842,48.7221005069842,0.00375,0.00446,0.0,0.999671702576533
mspd-2025-09-30-91282CAE1,91282CAE1,note,2020-08-17,2030-08-15,132.30720282156028,132.30720282156028,0.00625,0.007081987240613559,0.0,0.999671702576533
mspd-2025-09-30-91282CAH4,91282CAH4,note,2020-08-31,2027-08-31,50.789396196251225,50.789396196251225,0.005,0.00519,0.0,0.999671702576533
mspd-2025-09-30-91282CAL5,91282CAL5,note,2020-09-30,2027-09-30,56.598706988157645,56.598706988157645,0.00375,0.004619999999999999,0.0,0.999671702576533
mspd-2025-09-30-91282CAQ4,91282CAQ4,tips,2020-10-30,2025-10-15,42.662618396120685,34.267989105052074,0.00125,-0.014485568974589181,0.0,0.9996825247046806
mspd-2025-09-30-91282CAT8,91282CAT8,note,2020-11-02,2025-10-31,58.448781114123875,58.448781114123875,0.0025,0.0033,0.0,0.999671702576533
mspd-2025-09-30-91282CAU5,91282CAU5,note,2020-11-02,2027-10-31,57.9089591944699,57.9089591944699,0.005,0.006,0.0,0.999671702576533
mspd-2025-09-30-91282CAV3,91282CAV3,note,2020-11-16,2030-11-15,133.63693363099725,133.63693363099725,0.00875,0.010211509638809391,0.0,0.999671702576533
mspd-2025-09-30-91282CAY7,91282CAY7,note,2020-11-30,2027-11-30,63.38307086752275,63.38307086752275,0.00625,0.00653,0.0,0.999671702576533
mspd-2025-09-30-91282CAZ4,91282CAZ4,note,2020-11-30,2025-11-30,61.085527892670356,61.085527892670356,0.00375,0.0039700000000000004,0.0,0.999671702576533
mspd-2025-09-30-91282CBB6,91282CBB6,note,2020-12-31,2027-12-31,67.2554297645773,67.2554297645773,0.00625,0.00662,0.0,0.999671702576533
mspd-2025-09-30-91282CBC4,91282CBC4,note,2020-12-31,2025-12-31,67.85425920585209,67.85425920585209,0.00375,0.00394,0.0,0.999671702576533
mspd-2025-09-30-91282CBF7,91282CBF7,tips,2021-01-29,2031-01-15,53.25919998825573,43.318997520936364,0.00125,-0.00788379550669045,0.0,0.9996825247046806
mspd-2025-09-30-91282CBH3,91282CBH3,note,2021-02-01,2026-01-31,67.84942369385955,67.84942369385955,0.00375,0.00424,0.0,0.999671702576533
mspd-2025-09-30-91282CBJ9,91282CBJ9,note,2021-02-01,2028-01-31,70.04784562058336,70.04784562058336,0.0075,0.007540000000000001,0.0,0.999671702576533
mspd-2025-09-30-91282CBL4,91282CBL4,note,2021-02-16,2031-02-15,140.01663250446995,140.01663250446995,0.01125,0.014253312401564067,0.0,0.999671702576533
mspd-2025-09-30-91282CBP5,91282CBP5,note,2021-03-01,2028-02-29,75.3933889161648,75.3933889161648,0.01125,0.01195,0.0,0.999671702576533
mspd-2025-09-30-91282CBQ3,91282CBQ3,note,2021-03-01,2026-02-28,67.67124470877155,67.67124470877155,0.005,0.00621,0.0,0.999671702576533
mspd-2025-09-30-91282CBS9,91282CBS9,note,2021-03-31,2028-03-31,73.10890665210657,73.10890665210657,0.0125,0.013000000000000001,0.0,0.999671702576533
mspd-2025-09-30-91282CBT7,91282CBT7,note,2021-03-31,2026-03-31,67.06672053767589,67.06672053767589,0.0075,0.0085,0.0,0.999671702576533
mspd-2025-09-30-91282CBW0,91282CBW0,note,2021-04-30,2026-04-30,72.12469357283717,72.12469357283717,0.0075,0.00849,0.0,0.999671702576533
mspd-2025-09-30-91282CBZ3,91282CBZ3,note,2021-04-30,2028-04-30,73.41615984854745,73.41615984854745,0.0125,0.01306,0.0,0.999671702576533
mspd-2025-09-30-91282CCA7,91282CCA7,tips,2021-04-30,2026-04-15,49.084589836011595,39.84882716416668,0.00125,-0.015316123894585136,0.0,0.9996825247046806
mspd-2025-09-30-91282CCB5,91282CCB5,note,2021-05-17,2031-05-15,147.705207936025,147.705207936025,0.01625,0.015384725261434112,0.0,0.999671702576533
mspd-2025-09-30-91282CCE9,91282CCE9,note,2021-06-01,2028-05-31,73.88596886080694,73.88596886080694,0.0125,0.012849999999999999,0.0,0.999671702576533
mspd-2025-09-30-91282CCF6,91282CCF6,note,2021-06-01,2026-05-31,65.2097257844799,65.2097257844799,0.0075,0.00788,0.0,0.999671702576533
mspd-2025-09-30-91282CCH2,91282CCH2,note,2021-06-30,2028-06-30,71.0567666856208,71.0567666856208,0.0125,0.01264,0.0,0.999671702576533
mspd-2025-09-30-91282CCJ8,91282CCJ8,note,2021-06-30,2026-06-30,70.2362058620934,70.2362058620934,0.00875,0.00904,0.0,0.999671702576533
mspd-2025-09-30-91282CCM1,91282CCM1,tips,2021-07-30,2031-07-15,55.79912378899536,46.82355435738131,0.00125,-0.01031949163146914,0.0,0.9996825247046806
mspd-2025-09-30-91282CCP4,91282CCP4,note,2021-08-02,2026-07-31,64.10453963340093,64.10453963340093,0.00625,0.0070999999999999995,0.0,0.999671702576533
mspd-2025-09-30-91282CCR0,91282CCR0,note,2021-08-02,2028-07-31,67.840379464032,67.840379464032,0.01,0.0105,0.0,0.999671702576533
mspd-2025-09-30-91282CCS8,91282CCS8,note,2021-08-16,2031-08-15,141.50098753450294,141.50098753450294,0.0125,0.014095199343719346,0.0,0.999671702576533
mspd-2025-09-30-91282CCV1,91282CCV1,note,2021-08-31,2028-08-31,69.15009364703394,69.15009364703394,0.01125,0.01155,0.0,0.999671702576533
mspd-2025-09-30-91282CCW9,91282CCW9,note,2021-08-31,2026-08-31,65.43065922877952,65.43065922877952,0.0075,0.00831,0.0,0.999671702576533
mspd-2025-09-30-91282CCY5,91282CCY5,note,2021-09-30,2028-09-30,69.44408159985032,69.44408159985032,0.0125,0.01332,0.0,0.999671702576533
mspd-2025-09-30-91282CCZ2,91282CCZ2,note,2021-09-30,2026-09-30,68.22402017441318,68.22402017441318,0.00875,0.009899999999999999,0.0,0.999671702576533
mspd-2025-09-30-91282CDC2,91282CDC2,tips,2021-10-29,2026-10-15,45.207903268511984,38.292088147300234,0.00125,-0.015957925688102777,0.0,0.9996825247046806
mspd-2025-09-30-91282CDF5,91282CDF5,note,2021-11-01,2028-10-31,68.06897079344205,68.06897079344205,0.01375,0.014610000000000001,0.0,0.999671702576533
mspd-2025-09-30-91282CDG3,91282CDG3,note,2021-11-01,2026-10-31,66.7257780049895,66.7257780049895,0.01125,0.01157,0.0,0.999671702576533
mspd-2025-09-30-91282CDJ7,91282CDJ7,note,2021-11-15,2031-11-15,144.53880859815334,144.53880859815334,0.01375,0.015457141754788238,0.0,0.999671702576533
mspd-2025-09-30-91282CDK4,91282CDK4,note,2021-11-30,2026-11-30,62.628474880797405,62.628474880797405,0.0125,0.01319,0.0,0.999671702576533
mspd-2025-09-30-91282CDL2,91282CDL2,note,2021-11-30,2028-11-30,63.45578138900663,63.45578138900663,0.015,0.015880000000000002,0.0,0.999671702576533
mspd-2025-09-30-91282CDP3,91282CDP3,note,2021-12-31,2028-12-31,63.587297698361745,63.587297698361745,0.01375,0.0148,0.0,0.999671702576533
mspd-2025-09-30-91282CDQ1,91282CDQ1,note,2021-12-31,2026-12-31,63.47834487903832,63.47834487903832,0.0125,0.012629999999999999,0.0,0.999671702576533
mspd-2025-09-30-91282CDW8,91282CDW8,note,2022-01-31,2029-01-31,60.89765779019609,60.89765779019609,0.0175,0.017689999999999997,0.0,0.999671702576533
mspd-2025-09-30-91282CDX6,91282CDX6,tips,2022-01-31,2032-01-15,58.62902938220307,51.08385048907474,0.00125,-0.003126257483856652,0.0,0.9996825247046806
mspd-2025-09-30-91282CDY4,91282CDY4,note,2022-02-15,2032-02-15,140.5175583977827,140.5175583977827,0.01875,0.021518474063113028,0.0,0.999671702576533
mspd-2025-09-30-91282CEB3,91282CEB3,note,2022-02-28,2029-02-28,57.349997760332755,57.349997760332755,0.01875,0.01905,0.0,0.999671702576533
mspd-2025-09-30-91282CEC1,91282CEC1,note,2022-02-28,2027-02-28,59.595213419749626,59.595213419749626,0.01875,0.018799999999999997,0.0,0.999671702576533
mspd-2025-09-30-91282CEE7,91282CEE7,note,2022-03-31,2029-03-31,55.65644283264194,55.65644283264194,0.02375,0.024990000000000002,0.0,0.999671702576533
mspd-2025-09-30-91282CEF4,91282CEF4,note,2022-03-31,2027-03-31,60.42486745701801,60.42486745701801,0.025,0.025429999999999998,0.0,0.999671702576533
mspd-2025-09-30-91282CEJ6,91282CEJ6,tips,2022-04-29,2027-04-15,45.02758386616776,39.35633586764073,0.00125,5.42342739153225e-05,0.0,0.9996825247046806
mspd-2025-09-30-91282CEM9,91282CEM9,note,2022-05-02,2029-04-30,49.004140283644205,49.004140283644205,0.02875,0.029079999999999998,0.0,0.999671702576533
mspd-2025-09-30-91282CEN7,91282CEN7,note,2022-05-02,2027-04-30,55.01580822040428,55.01580822040428,0.0275,0.02785,0.0,0.999671702576533
mspd-2025-09-30-91282CEP2,91282CEP2,note,2022-05-16,2032-05-15,132.7320440014914,132.7320440014914,0.02875,0.0297054092749592,0.0,0.999671702576533
mspd-2025-09-30-91282CES6,91282CES6,note,2022-05-31,2029-05-31,46.732777011240394,46.732777011240394,0.0275,0.027770000000000003,0.0,0.999671702576533
mspd-2025-09-30-91282CET4,91282CET4,note,2022-05-31,2027-05-31,55.0225425088287,55.0225425088287,0.02625,0.027360000000000002,0.0,0.999671702576533
mspd-2025-09-30-91282CEV9,91282CEV9,note,2022-06-30,2029-06-30,42.96003809846118,42.96003809846118,0.0325,0.032799999999999996,0.0,0.999671702576533
mspd-2025-09-30-91282CEW7,91282CEW7,note,2022-06-30,2027-06-30,50.57596238903149,50.57596238903149,0.0325,0.032709999999999996,0.0,0.999671702576533
mspd-2025-09-30-91282CEZ0,91282CEZ0,tips,2022-07-29,2032-07-15,53.23471514040866,48.5893322884809,0.00625,0.011129609768985789,0.0,0.9996825247046806
mspd-2025-09-30-91282CFB2,91282CFB2,note,2022-08-01,2027-07-31,49.754338614582736,49.754338614582736,0.0275,0.0286,0.0,0.999671702576533
mspd-2025-09-30-91282CFC0,91282CFC0,note,2022-08-01,2029-07-31,40.138782113704494,40.138782113704494,0.02625,0.0273,0.0,0.999671702576533
mspd-2025-09-30-91282CFF3,91282CFF3,note,2022-08-15,2032-08-15,120.22871945876444,120.22871945876444,0.0275,0.03217288860116262,0.0,0.999671702576533
mspd-2025-09-30-91282CFH9,91282CFH9,note,2022-08-31,2027-08-31,50.66126577495273,50.66126577495273,0.03125,0.0323,0.0,0.999671702576533
mspd-2025-09-30-91282CFJ5,91282CFJ5,note,2022-08-31,2029-08-31,41.1509878000551,41.1509878000551,0.03125,0.0313,0.0,0.999671702576533
mspd-2025-09-30-91282CFL0,91282CFL0,note,2022-09-30,2029-09-30,35.87321704761548,35.87321704761548,0.03875,0.03898,0.0,0.999671702576533
mspd-2025-09-30-91282CFM8,91282CFM8,note,2022-09-30,2027-09-30,43.98567027548194,43.98567027548194,0.04125,0.04228,0.0,0.999671702576533
mspd-2025-09-30-91282CFP1,91282CFP1,note,2022-10-17,2025-10-15,39.63326072957499,39.63326072957499,0.0425,0.043179999999999996,0.0,0.999671702576533
mspd-2025-09-30-91282CFR7,91282CFR7,tips,2022-10-31,2027-10-15,43.574828562257416,39.95931017740025,0.01625,0.016237469897347118,0.0,0.9996825247046806
mspd-2025-09-30-91282CFT3,91282CFT3,note,2022-10-31,2029-10-31,34.89656258605643,34.89656258605643,0.04,0.04027,0.0,0.999671702576533
mspd-2025-09-30-91282CFU0,91282CFU0,note,2022-10-31,2027-10-31,42.9854392565878,42.9854392565878,0.04125,0.04192,0.0,0.999671702576533
mspd-2025-09-30-91282CFV8,91282CFV8,note,2022-11-15,2032-11-15,111.21861562405923,111.21861562405923,0.04125,0.038294186082614486,0.0,0.999671702576533
mspd-2025-09-30-91282CFW6,91282CFW6,note,2022-11-15,2025-11-15,53.948920391955575,53.948920391955575,0.045,0.04605000000000001,0.0,0.999671702576533
mspd-2025-09-30-91282CFY2,91282CFY2,note,2022-11-30,2029-11-30,38.177873486369066,38.177873486369066,0.03875,0.038900000000000004,0.0,0.999671702576533
mspd-2025-09-30-91282CFZ9,91282CFZ9,note,2022-11-30,2027-11-30,46.89051540912429,46.89051540912429,0.03875,0.039740000000000004,0.0,0.999671702576533
mspd-2025-09-30-91282CGA3,91282CGA3,note,2022-12-15,2025-12-15,39.985723678896214,39.985723678896214,0.04,0.04093,0.0,0.999671702576533
mspd-2025-09-30-91282CGB1,91282CGB1,note,2023-01-03,2029-12-31,34.81352235690266,34.81352235690266,0.03875,0.039209999999999995,0.0,0.999671702576533
mspd-2025-09-30-91282CGC9,91282CGC9,note,2023-01-03,2027-12-31,42.98559670488096,42.98559670488096,0.03875,0.03973,0.0,0.999671702576533
mspd-2025-09-30-91282CGE5,91282CGE5,note,2023-01-17,2026-01-15,39.98495093267012,39.98495093267012,0.03875,0.03977,0.0,0.999671702576533
mspd-2025-09-30-91282CGH8,91282CGH8,note,2023-01-31,2028-01-31,42.9755814939287,42.9755814939287,0.035,0.0353,0.0,0.999671702576533
mspd-2025-09-30-91282CGJ4,91282CGJ4,note,2023-01-31,2030-01-31,34.8531200528119,34.8531200528119,0.035,0.03517,0.0,0.999671702576533
mspd-2025-09-30-91282CGK1,91282CGK1,tips,2023-01-31,2033-01-15,53.71437617636896,49.79036336969266,0.01125,0.012711576073088413,0.0,0.9996825247046806
mspd-2025-09-30-91282CGL9,91282CGL9,note,2023-02-15,2026-02-15,51.281745006323035,51.281745006323035,0.04,0.040729999999999995,0.0,0.999671702576533
mspd-2025-09-30-91282CGM7,91282CGM7,note,2023-02-15,2033-02-15,114.56322423707144,114.56322423707144,0.035,0.036699026297899874,0.0,0.999671702576533
mspd-2025-09-30-91282CGP0,91282CGP0,note,2023-02-28,2028-02-29,52.75199276925645,52.75199276925645,0.04,0.04109,0.0,0.999671702576533
mspd-2025-09-30-91282CGQ8,91282CGQ8,note,2023-02-28,2030-02-28,119.59551800543845,119.59551800543845,0.04,0.041011667490061555,0.0,0.999671702576533
mspd-2025-09-30-91282CGR6,91282CGR6,note,2023-03-15,2026-03-15,37.74455319102382,37.74455319102382,0.04625,0.046349999999999995,0.0,0.999671702576533
mspd-2025-09-30-91282CGS4,91282CGS4,note,2023-03-31,2030-03-31,34.88845294930362,34.88845294930362,0.03625,0.03626,0.0,0.999671702576533
mspd-2025-09-30-91282CGT2,91282CGT2,note,2023-03-31,2028-03-31,42.98569297326592,42.98569297326592,0.03625,0.03665,0.0,0.999671702576533
mspd-2025-09-30-91282CGV7,91282CGV7,note,2023-04-17,2026-04-15,42.50462345901427,42.50462345901427,0.0375,0.0381,0.0,0.999671702576533
mspd-2025-09-30-91282CGW5,91282CGW5,tips,2023-04-28,2028-04-15,42.99999355871627,39.95755773393444,0.0125,0.015632523298998953,0.0,0.9996825247046806
mspd-2025-09-30-91282CGZ8,91282CGZ8,note,2023-05-01,2030-04-30,38.04459485576948,38.04459485576948,0.035,0.03563,0.0,0.999671702576533
mspd-2025-09-30-91282CHA2,91282CHA2,note,2023-05-01,2028-04-30,47.16702330248375,47.16702330248375,0.035,0.035,0.0,0.999671702576533
mspd-2025-09-30-91282CHB0,91282CHB0,note,2023-05-15,2026-05-15,46.322609412428335,46.322609412428335,0.03625,0.03695,0.0,0.999671702576533
mspd-2025-09-30-91282CHC8,91282CHC8,note,2023-05-15,2033-05-15,108.42916939281284,108.42916939281284,0.03375,0.03669719355021195,0.0,0.999671702576533
mspd-2025-09-30-91282CHE4,91282CHE4,note,2023-05-31,2028-05-31,49.34694840366193,49.34694840366193,0.03625,0.03749,0.0,0.999671702576533
mspd-2025-09-30-91282CHF1,91282CHF1,note,2023-05-31,2030-05-31,40.681591352307265,40.681591352307265,0.0375,0.03827,0.0,0.999671702576533
mspd-2025-09-30-91282CHH7,91282CHH7,note,2023-06-15,2026-06-15,39.98633057958684,39.98633057958684,0.04125,0.04202,0.0,0.999671702576533
mspd-2025-09-30-91282CHJ3,91282CHJ3,note,2023-06-30,2030-06-30,34.502791002707006,34.502791002707006,0.0375,0.03839,0.0,0.999671702576533
mspd-2025-09-30-91282CHK0,91282CHK0,note,2023-06-30,2028-06-30,42.985547820934705,42.985547820934705,0.04,0.040190000000000003,0.0,0.999671702576533
mspd-2025-09-30-91282CHM6,91282CHM6,note,2023-07-17,2026-07-15,38.6313372664884,38.6313372664884,0.045,0.04534,0.0,0.999671702576533
mspd-2025-09-30-91282CHP9,91282CHP9,tips,2023-07-31,2033-07-15,49.818275750896994,46.99792458156245,0.01375,0.01906924018520468,0.0,0.9996825247046806
mspd-2025-09-30-91282CHQ7,91282CHQ7,note,2023-07-31,2028-07-31,42.98555441876795,42.98555441876795,0.04125,0.0417,0.0,0.999671702576533
mspd-2025-09-30-91282CHR5,91282CHR5,note,2023-07-31,2030-07-31,34.43899865244898,34.43899865244898,0.04,0.04087,0.0,0.999671702576533
mspd-2025-09-30-91282CHT1,91282CHT1,note,2023-08-15,2033-08-15,122.05971375064813,122.05971375064813,0.03875,0.042571103878543896,0.0,0.999671702576533
mspd-2025-09-30-91282CHU8,91282CHU8,note,2023-08-15,2026-08-15,57.09909635766762,57.09909635766762,0.04375,0.04398,0.0,0.999671702576533
mspd-2025-09-30-91282CHW4,91282CHW4,note,2023-08-31,2030-08-31,39.72438880263847,39.72438880263847,0.04125,0.04212,0.0,0.999671702576533
mspd-2025-09-30-91282CHX2,91282CHX2,note,2023-08-31,2028-08-31,50.6563347943126,50.6563347943126,0.04375,0.044000000000000004,0.0,0.999671702576533
mspd-2025-09-30-91282CHY0,91282CHY0,note,2023-09-15,2026-09-15,43.06755518928538,43.06755518928538,0.04625,0.0466,0.0,0.999671702576533
mspd-2025-09-30-91282CHZ7,91282CHZ7,note,2023-10-02,2030-09-30,36.8228109959888,36.8228109959888,0.04625,0.04673,0.0,0.999671702576533
mspd-2025-09-30-91282CJA0,91282CJA0,note,2023-10-02,2028-09-30,48.983884735672255,48.983884735672255,0.04625,0.04659,0.0,0.999671702576533
mspd-2025-09-30-91282CJC6,91282CJC6,note,2023-10-16,2026-10-15,45.33492327372984,45.33492327372984,0.04625,0.04740000000000001,0.0,0.999671702576533
mspd-2025-09-30-91282CJD4,91282CJD4,frn,2023-10-31,2025-10-31,77.99889197538558,77.99889197538558,0.0,0.0,0.0017000000000000001,0.999982766403284
mspd-2025-09-30-91282CJE2,91282CJE2,note,2023-10-31,2025-10-31,46.51410672370823,46.51410672370823,0.05,0.05055,0.0,0.999671702576533
mspd-2025-09-30-91282CJF9,91282CJF9,note,2023-10-31,2028-10-31,51.98226025344654,51.98226025344654,0.04875,0.04899,0.0,0.999671702576533
mspd-2025-09-30-91282CJG7,91282CJG7,note,2023-10-31,2030-10-31,37.217906044705266,37.217906044705266,0.04875,0.049080000000000006,0.0,0.999671702576533
mspd-2025-09-30-91282CJH5,91282CJH5,tips,2023-10-31,2028-10-15,44.26809129152118,41.98419802137959,0.02375,0.020923832360412654,0.0,0.9996825247046806
mspd-2025-09-30-91282CJJ1,91282CJJ1,note,2023-11-15,2033-11-15,114.70562597159592,114.70562597159592,0.045,0.04287511442512957,0.0,0.999671702576533
mspd-2025-09-30-91282CJK8,91282CJK8,note,2023-11-15,2026-11-15,48.77538200905982,48.77538200905982,0.04625,0.047009999999999996,0.0,0.999671702576533
mspd-2025-09-30-91282CJL6,91282CJL6,note,2023-11-30,2025-11-30,48.21773044475455,48.21773044475455,0.04875,0.04887,0.0,0.999671702576533
mspd-2025-09-30-91282CJM4,91282CJM4,note,2023-11-30,2030-11-30,39.39875754165025,39.39875754165025,0.04375,0.04399,0.0,0.999671702576533
mspd-2025-09-30-91282CJN2,91282CJN2,note,2023-11-30,2028-11-30,55.515802019821564,55.515802019821564,0.04375,0.044199999999999996,0.0,0.999671702576533
mspd-2025-09-30-91282CJP7,91282CJP7,note,2023-12-15,2026-12-15,49.982232073177215,49.982232073177215,0.04375,0.0449,0.0,0.999671702576533
mspd-2025-09-30-91282CJQ5,91282CJQ5,note,2024-01-02,2030-12-31,39.63688094067871,39.63688094067871,0.0375,0.03859,0.0,0.999671702576533
mspd-2025-09-30-91282CJR3,91282CJR3,note,2024-01-02,2028-12-31,57.977227074940366,57.977227074940366,0.0375,0.03801,0.0,0.999671702576533
mspd-2025-09-30-91282CJS1,91282CJS1,note,2024-01-02,2025-12-31,55.2462654370472,55.2462654370472,0.0425,0.04314,0.0,0.999671702576533
mspd-2025-09-30-91282CJT9,91282CJT9,note,2024-01-16,2027-01-15,51.17794049626788,51.17794049626788,0.04,0.04105,0.0,0.999671702576533
mspd-2025-09-30-91282CJU6,91282CJU6,frn,2024-01-31,2026-01-31,83.99839238063322,83.99839238063322,0.0,0.0,0.00245,0.999982766403284
mspd-2025-09-30-91282CJV4,91282CJV4,note,2024-01-31,2026-01-31,58.949098907139955,58.949098907139955,0.0425,0.043649999999999994,0.0,0.999671702576533
mspd-2025-09-30-91282CJW2,91282CJW2,note,2024-01-31,2029-01-31,60.76963433376977,60.76963433376977,0.04,0.040549999999999996,0.0,0.999671702576533
mspd-2025-09-30-91282CJX0,91282CJX0,note,2024-01-31,2031-01-31,40.415602504438176,40.415602504438176,0.04,0.04109,0.0,0.999671702576533
mspd-2025-09-30-91282CJY8,91282CJY8,tips,2024-01-31,2034-01-15,53.47021756404321,50.931357417232505,0.0175,0.01972730059772081,0.0,0.9996825247046806
mspd-2025-09-30-91282CJZ5,91282CJZ5,note,2024-02-15,2034-02-15,123.05247122389379,123.05247122389379,0.04,0.042656129704675395,0.0,0.999671702576533
mspd-2025-09-30-91282CKA8,91282CKA8,note,2024-02-15,2027-02-15,57.098689491284674,57.098689491284674,0.04125,0.04169,0.0,0.999671702576533
mspd-2025-09-30-91282CKB6,91282CKB6,note,2024-02-29,2026-02-28,63.06604628005786,63.06604628005786,0.04625,0.04691,0.0,0.999671702576533
mspd-2025-09-30-91282CKC4,91282CKC4,note,2024-02-29,2031-02-28,42.5479648254825,42.5479648254825,0.0425,0.04327,0.0,0.999671702576533
mspd-2025-09-30-91282CKD2,91282CKD2,note,2024-02-29,2029-02-28,66.44350470501978,66.44350470501978,0.0425,0.0432,0.0,0.999671702576533
mspd-2025-09-30-91282CKE0,91282CKE0,note,2024-03-15,2027-03-15,55.428663636523076,55.428663636523076,0.0425,0.04256,0.0,0.999671702576533
mspd-2025-09-30-91282CKF7,91282CKF7,note,2024-04-01,2031-03-31,42.83584708344104,42.83584708344104,0.04125,0.04185,0.0,0.999671702576533
mspd-2025-09-30-91282CKG5,91282CKG5,note,2024-04-01,2029-03-31,66.97772576402572,66.97772576402572,0.04125,0.042350000000000006,0.0,0.999671702576533
mspd-2025-09-30-91282CKH3,91282CKH3,note,2024-04-01,2026-03-31,62.03165847843011,62.03165847843011,0.045,0.04595,0.0,0.999671702576533
mspd-2025-09-30-91282CKJ9,91282CKJ9,note,2024-04-15,2027-04-15,58.931942241478815,58.931942241478815,0.045,0.04548,0.0,0.999671702576533
mspd-2025-09-30-91282CKK6,91282CKK6,note,2024-04-30,2026-04-30,69.28713644146241,69.28713644146241,0.04875,0.048979999999999996,0.0,0.999671702576533
mspd-2025-09-30-91282CKL4,91282CKL4,tips,2024-04-30,2029-04-15,45.23212321906411,44.08519299555199,0.02125,0.02150571398550795,0.0,0.9996825247046806
mspd-2025-09-30-91282CKM2,91282CKM2,frn,2024-04-30,2026-04-30,87.79422176371308,87.79422176371308,0.0,0.0,0.0015,0.999982766403284
mspd-2025-09-30-91282CKN0,91282CKN0,note,2024-04-30,2031-04-30,44.195231454493054,44.195231454493054,0.04625,0.04716,0.0,0.999671702576533
mspd-2025-09-30-91282CKP5,91282CKP5,note,2024-04-30,2029-04-30,70.30921588521937,70.30921588521937,0.04625,0.04659,0.0,0.999671702576533
mspd-2025-09-30-91282CKQ3,91282CKQ3,note,2024-05-15,2034-05-15,132.71238455775574,132.71238455775574,0.04375,0.04398740263444576,0.0,0.999671702576533
mspd-2025-09-30-91282CKR1,91282CKR1,note,2024-05-15,2027-05-15,64.76877309565263,64.76877309565263,0.045,0.04605000000000001,0.0,0.999671702576533
mspd-2025-09-30-91282CKS9,91282CKS9,note,2024-05-31,2026-05-31,71.40204079579446,71.40204079579446,0.04875,0.04917,0.0,0.999671702576533
mspd-2025-09-30-91282CKT7,91282CKT7,note,2024-05-31,2029-05-31,74.13139336211518,74.13139336211518,0.045,0.04553,0.0,0.999671702576533
mspd-2025-09-30-91282CKU4,91282CKU4,note,2024-05-31,2031-05-31,46.53754932503516,46.53754932503516,0.04625,0.04650000000000001,0.0,0.999671702576533
mspd-2025-09-30-91282CKV2,91282CKV2,note,2024-06-17,2027-06-15,59.85594629370808,59.85594629370808,0.04625,0.04659,0.0,0.999671702576533
mspd-2025-09-30-91282CKW0,91282CKW0,note,2024-07-01,2031-06-30,45.51634859270477,45.51634859270477,0.0425,0.04276,0.0,0.999671702576533
mspd-2025-09-30-91282CKX8,91282CKX8,note,2024-07-01,2029-06-30,72.37301572254249,72.37301572254249,0.0425,0.04331,0.0,0.999671702576533
mspd-2025-09-30-91282CKY6,91282CKY6,note,2024-07-01,2026-06-30,71.35901102699592,71.35901102699592,0.04625,0.047060000000000005,0.0,0.999671702576533
mspd-2025-09-30-91282CKZ3,91282CKZ3,note,2024-07-15,2027-07-15,66.99627597204024,66.99627597204024,0.04375,0.04399,0.0,0.999671702576533
mspd-2025-09-30-91282CLA7,91282CLA7,frn,2024-07-31,2026-07-31,87.64133659851974,87.64133659851974,0.0,0.0,0.00182,0.999982766403284
mspd-2025-09-30-91282CLB5,91282CLB5,note,2024-07-31,2026-07-31,67.75863600901081,67.75863600901081,0.04375,0.044340000000000004,0.0,0.999671702576533
mspd-2025-09-30-91282CLC3,91282CLC3,note,2024-07-31,2029-07-31,73.83436170886596,73.83436170886596,0.04,0.041210000000000004,0.0,0.999671702576533
mspd-2025-09-30-91282CLD1,91282CLD1,note,2024-07-31,2031-07-31,46.40074685168399,46.40074685168399,0.04125,0.04162,0.0,0.999671702576533
mspd-2025-09-30-91282CLE9,91282CLE9,tips,2024-07-31,2034-07-15,55.91446055091426,54.35082017752382,0.01875,0.018488819414954994,0.0,0.9996825247046806
mspd-2025-09-30-91282CLF6,91282CLF6,note,2024-08-15,2034-08-15,128.69810976662416,128.69810976662416,0.03875,0.03897211220688287,0.0,0.999671702576533
mspd-2025-09-30-91282CLG4,91282CLG4,note,2024-08-15,2027-08-15,68.80668272497955,68.80668272497955,0.0375,0.0381,0.0,0.999671702576533
mspd-2025-09-30-91282CLH2,91282CLH2,note,2024-09-03,2026-08-31,73.68744345758925,73.68744345758925,0.0375,0.038740000000000004,0.0,0.999671702576533
mspd-2025-09-30-91282CLJ8,91282CLJ8,note,2024-09-03,2031-08-31,47.48289027011704,47.48289027011704,0.0375,0.0377,0.0,0.999671702576533
mspd-2025-09-30-91282CLK5,91282CLK5,note,2024-09-03,2029-08-31,75.53898000328917,75.53898000328917,0.03625,0.03645,0.0,0.999671702576533
mspd-2025-09-30-91282CLL3,91282CLL3,note,2024-09-16,2027-09-15,58.534562243151775,58.534562243151775,0.03375,0.0344,0.0,0.999671702576533
mspd-2025-09-30-91282CLM1,91282CLM1,note,2024-09-30,2031-09-30,44.88598980583224,44.88598980583224,0.03625,0.036680000000000004,0.0,0.999671702576533
mspd-2025-09-30-91282CLN9,91282CLN9,note,2024-09-30,2029-09-30,71.42122689497899,71.42122689497899,0.035,0.03519,0.0,0.999671702576533
mspd-2025-09-30-91282CLP4,91282CLP4,note,2024-09-30,2026-09-30,70.39983882417152,70.39983882417152,0.035,0.0352,0.0,0.999671702576533
mspd-2025-09-30-91282CLQ2,91282CLQ2,note,2024-10-15,2027-10-15,58.776511485753154,58.776511485753154,0.03875,0.038779999999999995,0.0,0.999671702576533
mspd-2025-09-30-91282CLR0,91282CLR0,note,2024-10-31,2029-10-31,71.1572707795499,71.1572707795499,0.04125,0.04138,0.0,0.999671702576533
mspd-2025-09-30-91282CLS8,91282CLS8,note,2024-10-31,2026-10-31,70.13430932544976,70.13430932544976,0.04125,0.041299999999999996,0.0,0.999671702576533
mspd-2025-09-30-91282CLT6,91282CLT6,frn,2024-10-31,2026-10-31,86.50061275763319,86.50061275763319,0.0,0.0,0.0020499999999999997,0.999982766403284
mspd-2025-09-30-91282CLU3,91282CLU3,note,2024-10-31,2031-10-31,44.680437110414104,44.680437110414104,0.04125,0.04215,0.0,0.999671702576533
mspd-2025-09-30-91282CLV1,91282CLV1,tips,2024-10-31,2029-10-15,47.62435051987481,46.59439793198928,0.01625,0.018848550173357206,0.0,0.9996825247046806
mspd-2025-09-30-91282CLW9,91282CLW9,note,2024-11-15,2034-11-15,139.01026500082958,139.01026500082958,0.0425,0.04429281083990006,0.0,0.999671702576533
mspd-2025-09-30-91282CLX7,91282CLX7,note,2024-11-15,2027-11-15,72.02079419393745,72.02079419393745,0.04125,0.04152,0.0,0.999671702576533
mspd-2025-09-30-91282CLY5,91282CLY5,note,2024-12-02,2026-11-30,73.12477614048346,73.12477614048346,0.0425,0.04274,0.0,0.999671702576533
mspd-2025-09-30-91282CLZ2,91282CLZ2,note,2024-12-02,2031-11-30,46.97705708838351,46.97705708838351,0.04125,0.04183,0.0,0.999671702576533
mspd-2025-09-30-91282CMA6,91282CMA6,note,2024-12-02,2029-11-30,74.7364873460813,74.7364873460813,0.04125,0.04197,0.0,0.999671702576533
mspd-2025-09-30-91282CMB4,91282CMB4,note,2024-12-16,2027-12-15,58.39619338420983,58.39619338420983,0.04,0.04117,0.0,0.999671702576533
mspd-2025-09-30-91282CMC2,91282CMC2,note,2024-12-31,2031-12-31,44.343517656527574,44.343517656527574,0.045,0.04532,0.0,0.999671702576533
mspd-2025-09-30-91282CMD0,91282CMD0,note,2024-12-31,2029-12-31,70.66577918796305,70.66577918796305,0.04375,0.04478,0.0,0.999671702576533
mspd-2025-09-30-91282CME8,91282CME8,note,2024-12-31,2026-12-31,69.64349511140857,69.64349511140857,0.0425,0.04335,0.0,0.999671702576533
mspd-2025-09-30-91282CMF5,91282CMF5,note,2025-01-15,2028-01-15,70.72121388291886,70.72121388291886,0.0425,0.04332,0.0,0.999671702576533
mspd-2025-09-30-91282CMG3,91282CMG3,note,2025-01-31,2030-01-31,73.86136913948427,73.86136913948427,0.0425,0.0433,0.0,0.999671702576533
mspd-2025-09-30-91282CMH1,91282CMH1,note,2025-01-31,2027-01-31,72.8028718555368,72.8028718555368,0.04125,0.04211,0.0,0.999671702576533
mspd-2025-09-30-91282CMJ7,91282CMJ7,frn,2025-01-31,2027-01-31,90.4843167029028,90.4843167029028,0.0,0.0,0.00098,0.999982766403284
mspd-2025-09-30-91282CMK4,91282CMK4,note,2025-01-31,2032-01-31,46.427697500949606,46.427697500949606,0.04375,0.04456999999999999,0.0,0.999671702576533
mspd-2025-09-30-91282CML2,91282CML2,tips,2025-01-31,2035-01-15,58.9637928983252,57.606892826612345,0.02125,0.021367745029563234,0.0,0.9996825247046806
mspd-2025-09-30-91282CMM0,91282CMM0,note,2025-02-18,2035-02-15,138.65873504510833,138.65873504510833,0.04625,0.044753000631560215,0.0,0.999671702576533
mspd-2025-09-30-91282CMN8,91282CMN8,note,2025-02-18,2028-02-15,73.90682791058573,73.90682791058573,0.0425,0.043,0.0,0.999671702576533
mspd-2025-09-30-91282CMP3,91282CMP3,note,2025-02-28,2027-02-28,75.9264222652209,75.9264222652209,0.04125,0.04169,0.0,0.999671702576533
mspd-2025-09-30-91282CMR9,91282CMR9,note,2025-02-28,2032-02-29,48.41904053346694,48.41904053346694,0.04125,0.04194,0.0,0.999671702576533
mspd-2025-09-30-91282CMS7,91282CMS7,note,2025-03-17,2028-03-15,58.96199957049453,58.96199957049453,0.03875,0.039080000000000004,0.0,0.999671702576533
mspd-2025-09-30-91282CMT5,91282CMT5,note,2025-03-31,2032-03-31,45.284613295790116,45.284613295790116,0.04125,0.04233,0.0,0.999671702576533
mspd-2025-09-30-91282CMU2,91282CMU2,note,2025-03-31,2030-03-31,72.04386511732534,72.04386511732534,0.04,0.040999999999999995,0.0,0.999671702576533
mspd-2025-09-30-91282CMV0,91282CMV0,note,2025-03-31,2027-03-31,71.0118761279151,71.0118761279151,0.03875,0.03984,0.0,0.999671702576533
mspd-2025-09-30-91282CMW8,91282CMW8,note,2025-04-15,2028-04-15,67.6570829595642,67.6570829595642,0.0375,0.03784,0.0,0.999671702576533
mspd-2025-09-30-91282CMX6,91282CMX6,frn,2025-04-30,2027-04-30,88.04261818287559,88.04261818287559,0.0,0.0,0.0016,0.999982766403284
mspd-2025-09-30-91282CMY4,91282CMY4,note,2025-04-30,2027-04-30,73.69409327375479,73.69409327375479,0.0375,0.03795,0.0,0.999671702576533
mspd-2025-09-30-91282CMZ1,91282CMZ1,note,2025-04-30,2030-04-30,74.76922749404523,74.76922749404523,0.03875,0.03995,0.0,0.999671702576533
mspd-2025-09-30-91282CNA5,91282CNA5,note,2025-04-30,2032-04-30,46.99760663980318,46.99760663980318,0.04,0.04123,0.0,0.999671702576533
mspd-2025-09-30-91282CNB3,91282CNB3,tips,2025-04-30,2030-04-15,52.75015634159089,51.98237663862834,0.01625,0.01676711463755425,0.0,0.9996825247046806
mspd-2025-09-30-91282CNC1,91282CNC1,note,2025-05-15,2035-05-15,140.0938691395544,140.0938691395544,0.0425,0.04370604835213188,0.0,0.999671702576533
mspd-2025-09-30-91282CND9,91282CND9,note,2025-05-15,2028-05-15,78.44767917124648,78.44767917124648,0.0375,0.038239999999999996,0.0,0.999671702576533
mspd-2025-09-30-91282CNE7,91282CNE7,note,2025-06-02,2027-05-31,78.41402412374036,78.41402412374036,0.03875,0.03955,0.0,0.999671702576533
mspd-2025-09-30-91282CNF4,91282CNF4,note,2025-06-02,2032-05-31,50.00724255960247,50.00724255960247,0.04125,0.04193999999999999,0.0,0.999671702576533
mspd-2025-09-30-91282CNG2,91282CNG2,note,2025-06-02,2030-05-31,79.55618343264062,79.55618343264062,0.04,0.040709999999999996,0.0,0.999671702576533
mspd-2025-09-30-91282CNH0,91282CNH0,note,2025-06-16,2028-06-15,59.02347988003884,59.02347988003884,0.03875,0.03972,0.0,0.999671702576533
mspd-2025-09-30-91282CNJ6,91282CNJ6,note,2025-06-30,2032-06-30,48.362342253479085,48.362342253479085,0.04,0.040220000000000006,0.0,0.999671702576533
mspd-2025-09-30-91282CNK3,91282CNK3,note,2025-06-30,2030-06-30,76.94027960915852,76.94027960915852,0.03875,0.03879,0.0,0.999671702576533
mspd-2025-09-30-91282CNL1,91282CNL1,note,2025-06-30,2027-06-30,75.83852493116582,75.83852493116582,0.0375,0.03786,0.0,0.999671702576533
mspd-2025-09-30-91282CNM9,91282CNM9,note,2025-07-15,2028-07-15,64.84126638847555,64.84126638847555,0.03875,0.03891,0.0,0.999671702576533
mspd-2025-09-30-91282CNN7,91282CNN7,note,2025-07-31,2030-07-31,74.74205061907332,74.74205061907332,0.03875,0.039830000000000004,0.0,0.999671702576533
mspd-2025-09-30-91282CNP2,91282CNP2,note,2025-07-31,2027-07-31,73.67309287039724,73.67309287039724,0.03875,0.0392,0.0,0.999671702576533
mspd-2025-09-30-91282CNQ0,91282CNQ0,frn,2025-07-31,2027-07-31,88.03940003833675,88.03940003833675,0.0,0.0,0.00159,0.999982766403284
mspd-2025-09-30-91282CNR8,91282CNR8,note,2025-07-31,2032-07-31,46.981123452968085,46.981123452968085,0.04,0.04092,0.0,0.999671702576533
mspd-2025-09-30-91282CNS6,91282CNS6,tips,2025-07-31,2035-07-15,42.721126994547134,42.465484776200405,0.01875,0.018665341895783408,0.0,0.9996825247046806
mspd-2025-09-30-91282CNT4,91282CNT4,note,2025-08-15,2035-08-15,95.22066453499511,95.22066453499511,0.0425,0.0416410879783225,0.0,0.999671702576533
mspd-2025-09-30-91282CNU1,91282CNU1,note,2025-08-15,2028-08-15,77.65783056166714,77.65783056166714,0.03625,0.03669,0.0,0.999671702576533
mspd-2025-09-30-91282CNV9,91282CNV9,note,2025-09-02,2027-08-31,77.30080511069536,77.30080511069536,0.03625,0.03641,0.0,0.999671702576533
mspd-2025-09-30-91282CNW7,91282CNW7,note,2025-09-02,2032-08-31,49.29401308789692,49.29401308789692,0.03875,0.03925,0.0,0.999671702576533
mspd-2025-09-30-91282CNX5,91282CNX5,note,2025-09-02,2030-08-31,78.42258131351441,78.42258131351441,0.03625,0.03724,0.0,0.999671702576533
mspd-2025-09-30-91282CNY3,91282CNY3,note,2025-09-15,2028-09-15,57.980358046712844,57.980358046712844,0.03375,0.03485,0.0,0.999671702576533
mspd-2025-09-30-91282CNZ0,91282CNZ0,note,2025-09-30,2032-09-30,46.414571811494774,46.414571811494774,0.03875,0.039529999999999996,0.0,0.999671702576533
mspd-2025-09-30-91282CPA3,91282CPA3,note,2025-09-30,2030-09-30,73.84102801961458,73.84102801961458,0.03625,0.0371,0.0,0.999671702576533
mspd-2025-09-30-91282CPB1,91282CPB1,note,2025-09-30,2027-09-30,72.78590862635012,72.78590862635012,0.035,0.03571,0.0,0.999671702576533
