date,variable,value
1996,avg_hours_worked_growth,0.012
1997,avg_hours_worked_growth,0.391
1998,avg_hours_worked_growth,0.044
1999,avg_hours_worked_growth,0.044
2000,avg_hours_worked_growth,-0.213
2001,avg_hours_worked_growth,-0.89
2002,avg_hours_worked_growth,-0.3
2003,avg_hours_worked_growth,-0.514
2004,avg_hours_worked_growth,0.029
2005,avg_hours_worked_growth,-0.086
2006,avg_hours_worked_growth,0.351
2007,avg_hours_worked_growth,-0.132
2008,avg_hours_worked_growth,-0.566
2009,avg_hours_worked_growth,-1.685
2010,avg_hours_worked_growth,0.956
2011,avg_hours_worked_growth,0.459
2012,avg_hours_worked_growth,0.34
2013,avg_hours_worked_growth,0.078
2014,avg_hours_worked_growth,0.172
2015,avg_hours_worked_growth,0.087
2016,avg_hours_worked_growth,-0.416
2017,avg_hours_worked_growth,-0.2
2018,avg_hours_worked_growth,0.214
2019,avg_hours_worked_growth,-0.207
2020,avg_hours_worked_growth,-0.691
2021,avg_hours_worked_growth,1.065
2022,avg_hours_worked_growth,-0.724
2023,avg_hours_worked_growth,-0.561
2024,avg_hours_worked_growth,-0.635
2025,avg_hours_worked_growth,0.121
2026,avg_hours_worked_growth,0.197
2027,avg_hours_worked_growth,0.156
2028,avg_hours_worked_growth,0.246
2029,avg_hours_worked_growth,0.196
2030,avg_hours_worked_growth,0.1
2031,avg_hours_worked_growth,0.049
2032,avg_hours_worked_growth,0.024
2033,avg_hours_worked_growth,0.012
2034,avg_hours_worked_growth,0.003
2035,avg_hours_worked_growth,0.0
2036,avg_hours_worked_growth,-0.002
2037,avg_hours_worked_growth,-0.012
2038,avg_hours_worked_growth,-0.018
2039,avg_hours_worked_growth,-0.018
2040,avg_hours_worked_growth,-0.018
2041,avg_hours_worked_growth,-0.018
2042,avg_hours_worked_growth,-0.017
2043,avg_hours_worked_growth,-0.016
2044,avg_hours_worked_growth,-0.016
2045,avg_hours_worked_growth,-0.016
2046,avg_hours_worked_growth,-0.016
2047,avg_hours_worked_growth,-0.016
2048,avg_hours_worked_growth,-0.015
2049,avg_hours_worked_growth,-0.014
2050,avg_hours_worked_growth,-0.014
2051,avg_hours_worked_growth,-0.014
2052,avg_hours_worked_growth,-0.014
2053,avg_hours_worked_growth,-0.014
2054,avg_hours_worked_growth,-0.015
2055,avg_hours_worked_growth,-0.015
2056,avg_hours_worked_growth,-0.015
1996,cpiu_growth,2.936
1997,cpiu_growth,2.337
1998,cpiu_growth,1.547
1999,cpiu_growth,2.193
2000,cpiu_growth,3.366
2001,cpiu_growth,2.816
2002,cpiu_growth,1.595
2003,cpiu_growth,2.297
2004,cpiu_growth,2.667
2005,cpiu_growth,3.365
2006,cpiu_growth,3.222
2007,cpiu_growth,2.87
2008,cpiu_growth,3.814
2009,cpiu_growth,-0.32
2010,cpiu_growth,1.636
2011,cpiu_growth,3.139
2012,cpiu_growth,2.073
2013,cpiu_growth,1.465
2014,cpiu_growth,1.615
2015,cpiu_growth,0.121
2016,cpiu_growth,1.267
2017,cpiu_growth,2.131
2018,cpiu_growth,2.438
2019,cpiu_growth,1.813
2020,cpiu_growth,1.252
2021,cpiu_growth,4.679
2022,cpiu_growth,7.992
2023,cpiu_growth,4.127
2024,cpiu_growth,2.951
2025,cpiu_growth,2.767
2026,cpiu_growth,2.924
2027,cpiu_growth,2.547
2028,cpiu_growth,2.361
2029,cpiu_growth,2.288
2030,cpiu_growth,2.263
2031,cpiu_growth,2.258
2032,cpiu_growth,2.257
2033,cpiu_growth,2.256
2034,cpiu_growth,2.256
2035,cpiu_growth,2.257
2036,cpiu_growth,2.257
2037,cpiu_growth,2.258
2038,cpiu_growth,2.258
2039,cpiu_growth,2.259
2040,cpiu_growth,2.26
2041,cpiu_growth,2.26
2042,cpiu_growth,2.261
2043,cpiu_growth,2.262
2044,cpiu_growth,2.263
2045,cpiu_growth,2.264
2046,cpiu_growth,2.265
2047,cpiu_growth,2.265
2048,cpiu_growth,2.266
2049,cpiu_growth,2.267
2050,cpiu_growth,2.267
2051,cpiu_growth,2.268
2052,cpiu_growth,2.269
2053,cpiu_growth,2.269
2054,cpiu_growth,2.27
2055,cpiu_growth,2.27
2056,cpiu_growth,2.271
1996,earnings_below_taxable_max_share,85.67
1997,earnings_below_taxable_max_share,84.798
1998,earnings_below_taxable_max_share,84.191
1999,earnings_below_taxable_max_share,83.826
2000,earnings_below_taxable_max_share,82.94
2001,earnings_below_taxable_max_share,84.549
2002,earnings_below_taxable_max_share,85.923
2003,earnings_below_taxable_max_share,85.804
2004,earnings_below_taxable_max_share,84.517
2005,earnings_below_taxable_max_share,83.755
2006,earnings_below_taxable_max_share,83.374
2007,earnings_below_taxable_max_share,82.703
2008,earnings_below_taxable_max_share,83.678
2009,earnings_below_taxable_max_share,85.463
2010,earnings_below_taxable_max_share,84.314
2011,earnings_below_taxable_max_share,83.579
2012,earnings_below_taxable_max_share,82.778
2013,earnings_below_taxable_max_share,83.616
2014,earnings_below_taxable_max_share,83.126
2015,earnings_below_taxable_max_share,82.92
2016,earnings_below_taxable_max_share,83.08
2017,earnings_below_taxable_max_share,83.45
2018,earnings_below_taxable_max_share,83.21
2019,earnings_below_taxable_max_share,83.447
2020,earnings_below_taxable_max_share,82.515
2021,earnings_below_taxable_max_share,80.851
2022,earnings_below_taxable_max_share,82.476
2023,earnings_below_taxable_max_share,83.882
2024,earnings_below_taxable_max_share,83.646
2025,earnings_below_taxable_max_share,83.401
2026,earnings_below_taxable_max_share,83.261
2027,earnings_below_taxable_max_share,82.949
2028,earnings_below_taxable_max_share,82.654
2029,earnings_below_taxable_max_share,82.62
2030,earnings_below_taxable_max_share,82.578
2031,earnings_below_taxable_max_share,82.568
2032,earnings_below_taxable_max_share,82.52
2033,earnings_below_taxable_max_share,82.472
2034,earnings_below_taxable_max_share,82.384
2035,earnings_below_taxable_max_share,82.317
2036,earnings_below_taxable_max_share,82.24
2037,earnings_below_taxable_max_share,82.189
2038,earnings_below_taxable_max_share,82.104
2039,earnings_below_taxable_max_share,82.037
2040,earnings_below_taxable_max_share,81.959
2041,earnings_below_taxable_max_share,81.868
2042,earnings_below_taxable_max_share,81.81
2043,earnings_below_taxable_max_share,81.739
2044,earnings_below_taxable_max_share,81.674
2045,earnings_below_taxable_max_share,81.62
2046,earnings_below_taxable_max_share,81.552
2047,earnings_below_taxable_max_share,81.487
2048,earnings_below_taxable_max_share,81.423
2049,earnings_below_taxable_max_share,81.382
2050,earnings_below_taxable_max_share,81.333
2051,earnings_below_taxable_max_share,81.255
2052,earnings_below_taxable_max_share,81.184
2053,earnings_below_taxable_max_share,81.134
2054,earnings_below_taxable_max_share,81.083
2055,earnings_below_taxable_max_share,81.055
2056,earnings_below_taxable_max_share,80.995
1996,earnings_share_of_comp,81.877
1997,earnings_share_of_comp,82.331
1998,earnings_share_of_comp,82.459
1999,earnings_share_of_comp,82.512
2000,earnings_share_of_comp,82.518
2001,earnings_share_of_comp,82.036
2002,earnings_share_of_comp,81.43
2003,earnings_share_of_comp,80.871
2004,earnings_share_of_comp,80.676
2005,earnings_share_of_comp,80.544
2006,earnings_share_of_comp,80.976
2007,earnings_share_of_comp,81.188
2008,earnings_share_of_comp,81.1
2009,earnings_share_of_comp,80.54
2010,earnings_share_of_comp,80.406
2011,earnings_share_of_comp,80.549
2012,earnings_share_of_comp,80.866
2013,earnings_share_of_comp,80.52
2014,earnings_share_of_comp,80.823
2015,earnings_share_of_comp,81.03
2016,earnings_share_of_comp,81.187
2017,earnings_share_of_comp,81.294
2018,earnings_share_of_comp,81.222
2019,earnings_share_of_comp,81.466
2020,earnings_share_of_comp,81.611
2021,earnings_share_of_comp,82.136
2022,earnings_share_of_comp,82.737
2023,earnings_share_of_comp,82.579
2024,earnings_share_of_comp,82.437
2025,earnings_share_of_comp,82.413
2026,earnings_share_of_comp,82.238
2027,earnings_share_of_comp,82.12
2028,earnings_share_of_comp,82.054
2029,earnings_share_of_comp,81.993
2030,earnings_share_of_comp,81.938
2031,earnings_share_of_comp,81.865
2032,earnings_share_of_comp,81.774
2033,earnings_share_of_comp,81.683
2034,earnings_share_of_comp,81.607
2035,earnings_share_of_comp,81.547
2036,earnings_share_of_comp,81.501
2037,earnings_share_of_comp,81.462
2038,earnings_share_of_comp,81.431
2039,earnings_share_of_comp,81.405
2040,earnings_share_of_comp,81.382
2041,earnings_share_of_comp,81.354
2042,earnings_share_of_comp,81.322
2043,earnings_share_of_comp,81.287
2044,earnings_share_of_comp,81.252
2045,earnings_share_of_comp,81.216
2046,earnings_share_of_comp,81.179
2047,earnings_share_of_comp,81.143
2048,earnings_share_of_comp,81.107
2049,earnings_share_of_comp,81.072
2050,earnings_share_of_comp,81.037
2051,earnings_share_of_comp,81.002
2052,earnings_share_of_comp,80.966
2053,earnings_share_of_comp,80.931
2054,earnings_share_of_comp,80.895
2055,earnings_share_of_comp,80.859
2056,earnings_share_of_comp,80.824
1996,gdp_price_growth,1.828
1997,gdp_price_growth,1.733
1998,gdp_price_growth,1.101
1999,gdp_price_growth,1.401
2000,gdp_price_growth,2.285
2001,gdp_price_growth,2.305
2002,gdp_price_growth,1.498
2003,gdp_price_growth,2.002
2004,gdp_price_growth,2.671
2005,gdp_price_growth,3.121
2006,gdp_price_growth,3.111
2007,gdp_price_growth,2.708
2008,gdp_price_growth,1.882
2009,gdp_price_growth,0.658
2010,gdp_price_growth,1.199
2011,gdp_price_growth,2.061
2012,gdp_price_growth,1.869
2013,gdp_price_growth,1.727
2014,gdp_price_growth,1.741
2015,gdp_price_growth,0.871
2016,gdp_price_growth,0.957
2017,gdp_price_growth,1.824
2018,gdp_price_growth,2.29
2019,gdp_price_growth,1.653
2020,gdp_price_growth,1.362
2021,gdp_price_growth,4.54
2022,gdp_price_growth,7.125
2023,gdp_price_growth,3.688
2024,gdp_price_growth,2.485
2025,gdp_price_growth,2.726
2026,gdp_price_growth,2.676
2027,gdp_price_growth,2.363
2028,gdp_price_growth,2.168
2029,gdp_price_growth,2.062
2030,gdp_price_growth,2.009
2031,gdp_price_growth,1.983
2032,gdp_price_growth,1.972
2033,gdp_price_growth,1.973
2034,gdp_price_growth,1.967
2035,gdp_price_growth,1.971
2036,gdp_price_growth,1.975
2037,gdp_price_growth,1.983
2038,gdp_price_growth,1.993
2039,gdp_price_growth,1.998
2040,gdp_price_growth,2.001
2041,gdp_price_growth,2.003
2042,gdp_price_growth,2.002
2043,gdp_price_growth,2.002
2044,gdp_price_growth,2.002
2045,gdp_price_growth,2.0
2046,gdp_price_growth,1.999
2047,gdp_price_growth,1.999
2048,gdp_price_growth,1.999
2049,gdp_price_growth,2.0
2050,gdp_price_growth,2.0
2051,gdp_price_growth,2.001
2052,gdp_price_growth,2.002
2053,gdp_price_growth,2.004
2054,gdp_price_growth,2.005
2055,gdp_price_growth,2.007
2056,gdp_price_growth,2.007
1996,interest_rate_fed_debt,6.688
1997,interest_rate_fed_debt,6.534
1998,interest_rate_fed_debt,6.392
1999,interest_rate_fed_debt,6.174
2000,interest_rate_fed_debt,6.138
2001,interest_rate_fed_debt,6.046
2002,interest_rate_fed_debt,5.1497
2003,interest_rate_fed_debt,4.324
2004,interest_rate_fed_debt,4.095
2005,interest_rate_fed_debt,4.283
2006,interest_rate_fed_debt,4.935
2007,interest_rate_fed_debt,4.91
2008,interest_rate_fed_debt,5.02
2009,interest_rate_fed_debt,3.221
2010,interest_rate_fed_debt,2.6
2011,interest_rate_fed_debt,2.5498
2012,interest_rate_fed_debt,2.176
2013,interest_rate_fed_debt,1.958
2014,interest_rate_fed_debt,1.911
2015,interest_rate_fed_debt,1.746
2016,interest_rate_fed_debt,1.83
2017,interest_rate_fed_debt,1.853
2018,interest_rate_fed_debt,2.216
2019,interest_rate_fed_debt,2.382
2020,interest_rate_fed_debt,2.056
2021,interest_rate_fed_debt,1.676
2022,interest_rate_fed_debt,2.136
2023,interest_rate_fed_debt,2.714
2024,interest_rate_fed_debt,3.354
2025,interest_rate_fed_debt,3.44
2026,interest_rate_fed_debt,3.443
2027,interest_rate_fed_debt,3.451
2028,interest_rate_fed_debt,3.581
2029,interest_rate_fed_debt,3.67
2030,interest_rate_fed_debt,3.758
2031,interest_rate_fed_debt,3.844
2032,interest_rate_fed_debt,3.928
2033,interest_rate_fed_debt,3.972
2034,interest_rate_fed_debt,3.996
2035,interest_rate_fed_debt,4.007
2036,interest_rate_fed_debt,4.038
2037,interest_rate_fed_debt,4.046
2038,interest_rate_fed_debt,4.057
2039,interest_rate_fed_debt,4.065
2040,interest_rate_fed_debt,4.074
2041,interest_rate_fed_debt,4.089
2042,interest_rate_fed_debt,4.11
2043,interest_rate_fed_debt,4.125
2044,interest_rate_fed_debt,4.132
2045,interest_rate_fed_debt,4.138
2046,interest_rate_fed_debt,4.149
2047,interest_rate_fed_debt,4.154
2048,interest_rate_fed_debt,4.156
2049,interest_rate_fed_debt,4.156
2050,interest_rate_fed_debt,4.158
2051,interest_rate_fed_debt,4.162
2052,interest_rate_fed_debt,4.167
2053,interest_rate_fed_debt,4.168
2054,interest_rate_fed_debt,4.169
2055,interest_rate_fed_debt,4.171
2056,interest_rate_fed_debt,4.176
1996,lfpr,66.78
1996,lfpr,1.236
1997,lfpr,67.1
1997,lfpr,1.754
1998,lfpr,67.09
1998,lfpr,1.011
1999,lfpr,67.09
1999,lfpr,1.234
2000,lfpr,67.08
2000,lfpr,2.3
2001,lfpr,66.84
2001,lfpr,0.829
2002,lfpr,66.58
2002,lfpr,0.756
2003,lfpr,66.24
2003,lfpr,1.134
2004,lfpr,65.98
2004,lfpr,0.6
2005,lfpr,66.03
2005,lfpr,1.295
2006,lfpr,66.17
2006,lfpr,1.419
2007,lfpr,66.04
2007,lfpr,1.132
2008,lfpr,66.01
2008,lfpr,0.782
2009,lfpr,65.39
2009,lfpr,-0.086
2010,lfpr,64.7
2010,lfpr,-0.196
2011,lfpr,64.11
2011,lfpr,-0.169
2012,lfpr,63.7
2012,lfpr,0.878
2013,lfpr,63.25
2013,lfpr,0.273
2014,lfpr,62.88
2014,lfpr,0.336
2015,lfpr,62.65
2015,lfpr,0.781
2016,lfpr,62.79
2016,lfpr,1.304
2017,lfpr,62.85
2017,lfpr,0.711
2018,lfpr,62.87
2018,lfpr,1.097
2019,lfpr,63.1
2019,lfpr,0.899
2020,lfpr,61.75
2020,lfpr,-1.695
2021,lfpr,61.66
2021,lfpr,0.28
2022,lfpr,62.24
2022,lfpr,1.906
2023,lfpr,62.6
2023,lfpr,1.722
2024,lfpr,62.59
2024,lfpr,0.593
2025,lfpr,62.43
2025,lfpr,1.647
2026,lfpr,62.38
2026,lfpr,0.821
2027,lfpr,62.31
2027,lfpr,0.586
2028,lfpr,62.26
2028,lfpr,0.486
2029,lfpr,62.2
2029,lfpr,0.499
2030,lfpr,62.14
2030,lfpr,0.508
2031,lfpr,62.08
2031,lfpr,0.474
2032,lfpr,62.02
2032,lfpr,0.439
2033,lfpr,61.97
2033,lfpr,0.397
2034,lfpr,61.93
2034,lfpr,0.359
2035,lfpr,61.9
2035,lfpr,0.339
2036,lfpr,61.88
2036,lfpr,0.322
2037,lfpr,61.88
2037,lfpr,0.309
2038,lfpr,61.89
2038,lfpr,0.314
2039,lfpr,61.9
2039,lfpr,0.311
2040,lfpr,61.92
2040,lfpr,0.291
2041,lfpr,61.94
2041,lfpr,0.274
2042,lfpr,61.97
2042,lfpr,0.261
2043,lfpr,62.0
2043,lfpr,0.246
2044,lfpr,62.03
2044,lfpr,0.227
2045,lfpr,62.06
2045,lfpr,0.207
2046,lfpr,62.09
2046,lfpr,0.191
2047,lfpr,62.12
2047,lfpr,0.18
2048,lfpr,62.15
2048,lfpr,0.169
2049,lfpr,62.17
2049,lfpr,0.153
2050,lfpr,62.18
2050,lfpr,0.135
2051,lfpr,62.19
2051,lfpr,0.119
2052,lfpr,62.19
2052,lfpr,0.106
2053,lfpr,62.18
2053,lfpr,0.098
2054,lfpr,62.17
2054,lfpr,0.092
2055,lfpr,62.15
2055,lfpr,0.085
2056,lfpr,62.13
2056,lfpr,0.081
1996,lfpr_census,66.39
1996,lfpr_census,1.595
1997,lfpr_census,66.73
1997,lfpr_census,1.857
1998,lfpr_census,66.86
1998,lfpr_census,1.531
1999,lfpr_census,66.94
1999,lfpr_census,1.419
2000,lfpr_census,67.06
2000,lfpr_census,1.423
2001,lfpr_census,66.77
2001,lfpr_census,0.817
2002,lfpr_census,66.42
2002,lfpr_census,0.663
2003,lfpr_census,66.02
2003,lfpr_census,0.503
2004,lfpr_census,65.76
2004,lfpr_census,0.756
2005,lfpr_census,65.79
2005,lfpr_census,1.266
2006,lfpr_census,65.91
2006,lfpr_census,1.464
2007,lfpr_census,65.72
2007,lfpr_census,0.954
2008,lfpr_census,65.69
2008,lfpr_census,1.101
2009,lfpr_census,65.05
2009,lfpr_census,0.074
2010,lfpr_census,64.39
2010,lfpr_census,-0.011
2011,lfpr_census,63.89
2011,lfpr_census,0.221
2012,lfpr_census,63.8
2012,lfpr_census,0.878
2013,lfpr_census,63.41
2013,lfpr_census,0.35
2014,lfpr_census,63.08
2014,lfpr_census,0.462
2015,lfpr_census,62.88
2015,lfpr_census,0.69
2016,lfpr_census,63.05
2016,lfpr_census,1.248
2017,lfpr_census,63.15
2017,lfpr_census,1.061
2018,lfpr_census,63.19
2018,lfpr_census,0.834
2019,lfpr_census,63.47
2019,lfpr_census,1.166
2020,lfpr_census,61.94
2020,lfpr_census,-1.781
2021,lfpr_census,61.85
2021,lfpr_census,0.481
2022,lfpr_census,62.36
2022,lfpr_census,1.735
2023,lfpr_census,62.77
2023,lfpr_census,1.969
2024,lfpr_census,62.91
2024,lfpr_census,1.622
2025,lfpr_census,62.55
2025,lfpr_census,0.471
2026,lfpr_census,62.45
2026,lfpr_census,0.498
2027,lfpr_census,62.38
2027,lfpr_census,0.4
2028,lfpr_census,62.3
2028,lfpr_census,0.411
2029,lfpr_census,62.23
2029,lfpr_census,0.43
2030,lfpr_census,62.16
2030,lfpr_census,0.457
2031,lfpr_census,62.09
2031,lfpr_census,0.461
2032,lfpr_census,62.03
2032,lfpr_census,0.432
2033,lfpr_census,61.97
2033,lfpr_census,0.393
2034,lfpr_census,61.93
2034,lfpr_census,0.356
2035,lfpr_census,61.9
2035,lfpr_census,0.337
2036,lfpr_census,61.88
2036,lfpr_census,0.321
2037,lfpr_census,61.88
2037,lfpr_census,0.309
2038,lfpr_census,61.89
2038,lfpr_census,0.314
2039,lfpr_census,61.9
2039,lfpr_census,0.311
2040,lfpr_census,61.92
2040,lfpr_census,0.291
2041,lfpr_census,61.94
2041,lfpr_census,0.274
2042,lfpr_census,61.97
2042,lfpr_census,0.261
2043,lfpr_census,62.0
2043,lfpr_census,0.246
2044,lfpr_census,62.03
2044,lfpr_census,0.227
2045,lfpr_census,62.06
2045,lfpr_census,0.207
2046,lfpr_census,62.09
2046,lfpr_census,0.191
2047,lfpr_census,62.12
2047,lfpr_census,0.18
2048,lfpr_census,62.15
2048,lfpr_census,0.169
2049,lfpr_census,62.17
2049,lfpr_census,0.153
2050,lfpr_census,62.18
2050,lfpr_census,0.135
2051,lfpr_census,62.19
2051,lfpr_census,0.119
2052,lfpr_census,62.19
2052,lfpr_census,0.106
2053,lfpr_census,62.18
2053,lfpr_census,0.098
2054,lfpr_census,62.17
2054,lfpr_census,0.092
2055,lfpr_census,62.15
2055,lfpr_census,0.085
2056,lfpr_census,62.13
2056,lfpr_census,0.081
1996,nominal_gdp_growth,5.672
1997,nominal_gdp_growth,6.248
1998,nominal_gdp_growth,5.657
1999,nominal_gdp_growth,6.271
2000,nominal_gdp_growth,6.435
2001,nominal_gdp_growth,3.228
2002,nominal_gdp_growth,3.28
2003,nominal_gdp_growth,4.825
2004,nominal_gdp_growth,6.64
2005,nominal_gdp_growth,6.728
2006,nominal_gdp_growth,5.954
2007,nominal_gdp_growth,4.767
2008,nominal_gdp_growth,2.042
2009,nominal_gdp_growth,-1.975
2010,nominal_gdp_growth,3.943
2011,nominal_gdp_growth,3.659
2012,nominal_gdp_growth,4.193
2013,nominal_gdp_growth,3.855
2014,nominal_gdp_growth,4.309
2015,nominal_gdp_growth,3.9
2016,nominal_gdp_growth,2.787
2017,nominal_gdp_growth,4.292
2018,nominal_gdp_growth,5.325
2019,nominal_gdp_growth,4.276
2020,nominal_gdp_growth,-0.764
2021,nominal_gdp_growth,10.995
2022,nominal_gdp_growth,9.816
2023,nominal_gdp_growth,6.743
2024,nominal_gdp_growth,5.345
2025,nominal_gdp_growth,4.802
2026,nominal_gdp_growth,5.109
2027,nominal_gdp_growth,4.267
2028,nominal_gdp_growth,4.012
2029,nominal_gdp_growth,3.853
2030,nominal_gdp_growth,3.828
2031,nominal_gdp_growth,3.794
2032,nominal_gdp_growth,3.766
2033,nominal_gdp_growth,3.776
2034,nominal_gdp_growth,3.771
2035,nominal_gdp_growth,3.778
2036,nominal_gdp_growth,3.776
2037,nominal_gdp_growth,3.768
2038,nominal_gdp_growth,3.773
2039,nominal_gdp_growth,3.764
2040,nominal_gdp_growth,3.783
2041,nominal_gdp_growth,3.772
2042,nominal_gdp_growth,3.749
2043,nominal_gdp_growth,3.741
2044,nominal_gdp_growth,3.727
2045,nominal_gdp_growth,3.679
2046,nominal_gdp_growth,3.641
2047,nominal_gdp_growth,3.622
2048,nominal_gdp_growth,3.605
2049,nominal_gdp_growth,3.588
2050,nominal_gdp_growth,3.563
2051,nominal_gdp_growth,3.545
2052,nominal_gdp_growth,3.532
2053,nominal_gdp_growth,3.526
2054,nominal_gdp_growth,3.521
2055,nominal_gdp_growth,3.52
2056,nominal_gdp_growth,3.522
1996,noncyclical_unemp_rate,5.294
1997,noncyclical_unemp_rate,5.232
1998,noncyclical_unemp_rate,5.18
1999,noncyclical_unemp_rate,5.139
2000,noncyclical_unemp_rate,5.107
2001,noncyclical_unemp_rate,5.082
2002,noncyclical_unemp_rate,5.064
2003,noncyclical_unemp_rate,5.05
2004,noncyclical_unemp_rate,5.042
2005,noncyclical_unemp_rate,5.04
2006,noncyclical_unemp_rate,5.042
2007,noncyclical_unemp_rate,5.046
2008,noncyclical_unemp_rate,5.048
2009,noncyclical_unemp_rate,5.044
2010,noncyclical_unemp_rate,5.028
2011,noncyclical_unemp_rate,4.995
2012,noncyclical_unemp_rate,4.944
2013,noncyclical_unemp_rate,4.876
2014,noncyclical_unemp_rate,4.797
2015,noncyclical_unemp_rate,4.714
2016,noncyclical_unemp_rate,4.635
2017,noncyclical_unemp_rate,4.567
2018,noncyclical_unemp_rate,4.514
2019,noncyclical_unemp_rate,4.478
2020,noncyclical_unemp_rate,4.457
2021,noncyclical_unemp_rate,4.448
2022,noncyclical_unemp_rate,4.439
2023,noncyclical_unemp_rate,4.432
2024,noncyclical_unemp_rate,4.419
2025,noncyclical_unemp_rate,4.405
2026,noncyclical_unemp_rate,4.393
2027,noncyclical_unemp_rate,4.376
2028,noncyclical_unemp_rate,4.354
2029,noncyclical_unemp_rate,4.328
2030,noncyclical_unemp_rate,4.301
2031,noncyclical_unemp_rate,4.276
2032,noncyclical_unemp_rate,4.255
2033,noncyclical_unemp_rate,4.235
2034,noncyclical_unemp_rate,4.214
2035,noncyclical_unemp_rate,4.192
2036,noncyclical_unemp_rate,4.171
2037,noncyclical_unemp_rate,4.151
2038,noncyclical_unemp_rate,4.131
2039,noncyclical_unemp_rate,4.112
2040,noncyclical_unemp_rate,4.093
2041,noncyclical_unemp_rate,4.074
2042,noncyclical_unemp_rate,4.055
2043,noncyclical_unemp_rate,4.037
2044,noncyclical_unemp_rate,4.019
2045,noncyclical_unemp_rate,4.002
2046,noncyclical_unemp_rate,3.987
2047,noncyclical_unemp_rate,3.973
2048,noncyclical_unemp_rate,3.96
2049,noncyclical_unemp_rate,3.947
2050,noncyclical_unemp_rate,3.934
2051,noncyclical_unemp_rate,3.922
2052,noncyclical_unemp_rate,3.911
2053,noncyclical_unemp_rate,3.901
2054,noncyclical_unemp_rate,3.893
2055,noncyclical_unemp_rate,3.885
2056,noncyclical_unemp_rate,3.878
1996,pce_price_growth,2.138
1997,pce_price_growth,1.74
1998,pce_price_growth,0.795
1999,pce_price_growth,1.457
2000,pce_price_growth,2.528
2001,pce_price_growth,2.004
2002,pce_price_growth,1.313
2003,pce_price_growth,2.101
2004,pce_price_growth,2.482
2005,pce_price_growth,2.88
2006,pce_price_growth,2.816
2007,pce_price_growth,2.566
2008,pce_price_growth,2.959
2009,pce_price_growth,-0.278
2010,pce_price_growth,1.79
2011,pce_price_growth,2.53
2012,pce_price_growth,1.864
2013,pce_price_growth,1.318
2014,pce_price_growth,1.399
2015,pce_price_growth,0.183
2016,pce_price_growth,1.012
2017,pce_price_growth,1.745
2018,pce_price_growth,2.047
2019,pce_price_growth,1.432
2020,pce_price_growth,1.118
2021,pce_price_growth,4.114
2022,pce_price_growth,6.541
2023,pce_price_growth,3.798
2024,pce_price_growth,2.618
2025,pce_price_growth,2.62
2026,pce_price_growth,2.748
2027,pce_price_growth,2.409
2028,pce_price_growth,2.19
2029,pce_price_growth,2.084
2030,pce_price_growth,2.027
2031,pce_price_growth,1.996
2032,pce_price_growth,1.978
2033,pce_price_growth,1.968
2034,pce_price_growth,1.962
2035,pce_price_growth,1.958
2036,pce_price_growth,1.956
2037,pce_price_growth,1.955
2038,pce_price_growth,1.954
2039,pce_price_growth,1.954
2040,pce_price_growth,1.953
2041,pce_price_growth,1.953
2042,pce_price_growth,1.953
2043,pce_price_growth,1.953
2044,pce_price_growth,1.953
2045,pce_price_growth,1.953
2046,pce_price_growth,1.953
2047,pce_price_growth,1.953
2048,pce_price_growth,1.953
2049,pce_price_growth,1.953
2050,pce_price_growth,1.953
2051,pce_price_growth,1.953
2052,pce_price_growth,1.953
2053,pce_price_growth,1.953
2054,pce_price_growth,1.953
2055,pce_price_growth,1.953
2056,pce_price_growth,1.953
1996,population,275.696
1997,population,278.377
1998,population,281.013
1999,population,283.655
2000,population,286.279
2001,population,289.044
2002,population,291.881
2003,population,294.621
2004,population,297.279
2005,population,300.186
2006,population,303.632
2007,population,307.031
2008,population,309.691
2009,population,311.51
2010,population,313.988
2011,population,316.29
2012,population,318.428
2013,population,320.473
2014,population,322.613
2015,population,325.59
2016,population,328.395
2017,population,330.549
2018,population,332.731
2019,population,334.38
2020,population,335.643
2021,population,336.687
2022,population,338.078
2023,population,341.55
2024,population,345.44
2025,population,348.156
2026,population,348.955
2027,population,349.838
2028,population,350.742
2029,population,351.705
2030,population,352.726
2031,population,353.786
2032,population,354.767
2033,population,355.671
2034,population,356.513
2035,population,357.311
2036,population,358.084
2037,population,358.845
2038,population,359.546
2039,population,360.191
2040,population,360.778
2041,population,361.31
2042,population,361.787
2043,population,362.21
2044,population,362.58
2045,population,362.9
2046,population,363.174
2047,population,363.405
2048,population,363.593
2049,population,363.744
2050,population,363.86
2051,population,363.947
2052,population,364.009
2053,population,364.051
2054,population,364.076
2055,population,364.09
2056,population,364.094
1996,potential_lf_growth,1.387
1997,potential_lf_growth,1.343
1998,potential_lf_growth,1.294
1999,potential_lf_growth,1.321
2000,potential_lf_growth,1.275
2001,potential_lf_growth,1.176
2002,potential_lf_growth,0.904
2003,potential_lf_growth,0.781
2004,potential_lf_growth,0.864
2005,potential_lf_growth,0.953
2006,potential_lf_growth,1.042
2007,potential_lf_growth,0.98
2008,potential_lf_growth,0.828
2009,potential_lf_growth,0.632
2010,potential_lf_growth,0.549
2011,potential_lf_growth,0.607
2012,potential_lf_growth,0.603
2013,potential_lf_growth,0.543
2014,potential_lf_growth,0.577
2015,potential_lf_growth,0.649
2016,potential_lf_growth,0.693
2017,potential_lf_growth,0.635
2018,potential_lf_growth,0.54
2019,potential_lf_growth,0.552
2020,potential_lf_growth,0.52
2021,potential_lf_growth,0.485
2022,potential_lf_growth,0.831
2023,potential_lf_growth,1.252
2024,potential_lf_growth,1.346
2025,potential_lf_growth,0.987
2026,potential_lf_growth,0.557
2027,potential_lf_growth,0.419
2028,potential_lf_growth,0.423
2029,potential_lf_growth,0.422
2030,potential_lf_growth,0.463
2031,potential_lf_growth,0.48
2032,potential_lf_growth,0.447
2033,potential_lf_growth,0.422
2034,potential_lf_growth,0.408
2035,potential_lf_growth,0.391
2036,potential_lf_growth,0.369
2037,potential_lf_growth,0.352
2038,potential_lf_growth,0.344
2039,potential_lf_growth,0.335
2040,potential_lf_growth,0.313
2041,potential_lf_growth,0.29
2042,potential_lf_growth,0.27
2043,potential_lf_growth,0.25
2044,potential_lf_growth,0.228
2045,potential_lf_growth,0.207
2046,potential_lf_growth,0.19
2047,potential_lf_growth,0.173
2048,potential_lf_growth,0.155
2049,potential_lf_growth,0.132
2050,potential_lf_growth,0.108
2051,potential_lf_growth,0.091
2052,potential_lf_growth,0.081
2053,potential_lf_growth,0.077
2054,potential_lf_growth,0.074
2055,potential_lf_growth,0.071
2056,potential_lf_growth,0.07
1996,potential_lf_prod_growth,1.727
1997,potential_lf_prod_growth,2.328
1998,potential_lf_prod_growth,2.793
1999,potential_lf_prod_growth,2.945
2000,potential_lf_prod_growth,2.898
2001,potential_lf_prod_growth,2.332
2002,potential_lf_prod_growth,1.772
2003,potential_lf_prod_growth,1.586
2004,potential_lf_prod_growth,1.623
2005,potential_lf_prod_growth,1.588
2006,potential_lf_prod_growth,1.289
2007,potential_lf_prod_growth,1.106
2008,potential_lf_prod_growth,1.12
2009,potential_lf_prod_growth,0.894
2010,potential_lf_prod_growth,0.74
2011,potential_lf_prod_growth,0.854
2012,potential_lf_prod_growth,1.042
2013,potential_lf_prod_growth,1.235
2014,potential_lf_prod_growth,1.309
2015,potential_lf_prod_growth,1.351
2016,potential_lf_prod_growth,1.351
2017,potential_lf_prod_growth,1.372
2018,potential_lf_prod_growth,1.492
2019,potential_lf_prod_growth,1.548
2020,potential_lf_prod_growth,1.462
2021,potential_lf_prod_growth,1.461
2022,potential_lf_prod_growth,1.481
2023,potential_lf_prod_growth,1.354
2024,potential_lf_prod_growth,1.3
2025,potential_lf_prod_growth,1.436
2026,potential_lf_prod_growth,1.648
2027,potential_lf_prod_growth,1.723
2028,potential_lf_prod_growth,1.671
2029,potential_lf_prod_growth,1.61
2030,potential_lf_prod_growth,1.55
2031,potential_lf_prod_growth,1.485
2032,potential_lf_prod_growth,1.448
2033,potential_lf_prod_growth,1.423
2034,potential_lf_prod_growth,1.401
2035,potential_lf_prod_growth,1.387
2036,potential_lf_prod_growth,1.393
2037,potential_lf_prod_growth,1.393
2038,potential_lf_prod_growth,1.395
2039,potential_lf_prod_growth,1.39
2040,potential_lf_prod_growth,1.428
2041,potential_lf_prod_growth,1.439
2042,potential_lf_prod_growth,1.437
2043,potential_lf_prod_growth,1.45
2044,potential_lf_prod_growth,1.458
2045,potential_lf_prod_growth,1.436
2046,potential_lf_prod_growth,1.417
2047,potential_lf_prod_growth,1.415
2048,potential_lf_prod_growth,1.416
2049,potential_lf_prod_growth,1.422
2050,potential_lf_prod_growth,1.422
2051,potential_lf_prod_growth,1.421
2052,potential_lf_prod_growth,1.417
2053,potential_lf_prod_growth,1.414
2054,potential_lf_prod_growth,1.41
2055,potential_lf_prod_growth,1.41
2056,potential_lf_prod_growth,1.413
1996,real_earnings_per_worker_growth,1.885
1997,real_earnings_per_worker_growth,2.608
1998,real_earnings_per_worker_growth,4.536
1999,real_earnings_per_worker_growth,2.782
2000,real_earnings_per_worker_growth,2.91
2001,real_earnings_per_worker_growth,1.19
2002,real_earnings_per_worker_growth,1.097
2003,real_earnings_per_worker_growth,0.59
2004,real_earnings_per_worker_growth,1.977
2005,real_earnings_per_worker_growth,-0.614
2006,real_earnings_per_worker_growth,1.599
2007,real_earnings_per_worker_growth,0.201
2008,real_earnings_per_worker_growth,-1.937
2009,real_earnings_per_worker_growth,0.744
2010,real_earnings_per_worker_growth,2.854
2011,real_earnings_per_worker_growth,0.371
2012,real_earnings_per_worker_growth,1.076
2013,real_earnings_per_worker_growth,0.225
2014,real_earnings_per_worker_growth,1.165
2015,real_earnings_per_worker_growth,2.414
2016,real_earnings_per_worker_growth,-0.098
2017,real_earnings_per_worker_growth,1.329
2018,real_earnings_per_worker_growth,0.694
2019,real_earnings_per_worker_growth,1.679
2020,real_earnings_per_worker_growth,6.721
2021,real_earnings_per_worker_growth,0.907
2022,real_earnings_per_worker_growth,-4.974
2023,real_earnings_per_worker_growth,-0.52
2024,real_earnings_per_worker_growth,1.126
2025,real_earnings_per_worker_growth,1.494
2026,real_earnings_per_worker_growth,1.127
2027,real_earnings_per_worker_growth,1.514
2028,real_earnings_per_worker_growth,1.516
2029,real_earnings_per_worker_growth,1.251
2030,real_earnings_per_worker_growth,1.104
2031,real_earnings_per_worker_growth,1.11
2032,real_earnings_per_worker_growth,1.07
2033,real_earnings_per_worker_growth,1.054
2034,real_earnings_per_worker_growth,1.063
2035,real_earnings_per_worker_growth,1.073
2036,real_earnings_per_worker_growth,1.089
2037,real_earnings_per_worker_growth,1.1
2038,real_earnings_per_worker_growth,1.104
2039,real_earnings_per_worker_growth,1.1
2040,real_earnings_per_worker_growth,1.141
2041,real_earnings_per_worker_growth,1.137
2042,real_earnings_per_worker_growth,1.115
2043,real_earnings_per_worker_growth,1.114
2044,real_earnings_per_worker_growth,1.116
2045,real_earnings_per_worker_growth,1.089
2046,real_earnings_per_worker_growth,1.067
2047,real_earnings_per_worker_growth,1.06
2048,real_earnings_per_worker_growth,1.054
2049,real_earnings_per_worker_growth,1.055
2050,real_earnings_per_worker_growth,1.052
2051,real_earnings_per_worker_growth,1.053
2052,real_earnings_per_worker_growth,1.055
2053,real_earnings_per_worker_growth,1.056
2054,real_earnings_per_worker_growth,1.058
2055,real_earnings_per_worker_growth,1.065
2056,real_earnings_per_worker_growth,1.071
1996,real_gdp_growth,3.772
1997,real_gdp_growth,4.447
1998,real_gdp_growth,4.483
1999,real_gdp_growth,4.788
2000,real_gdp_growth,4.077
2001,real_gdp_growth,0.955
2002,real_gdp_growth,1.7
2003,real_gdp_growth,2.795
2004,real_gdp_growth,3.847
2005,real_gdp_growth,3.483
2006,real_gdp_growth,2.784
2007,real_gdp_growth,2.003
2008,real_gdp_growth,0.113
2009,real_gdp_growth,-2.576
2010,real_gdp_growth,2.695
2011,real_gdp_growth,1.564
2012,real_gdp_growth,2.289
2013,real_gdp_growth,2.117
2014,real_gdp_growth,2.523
2015,real_gdp_growth,2.945
2016,real_gdp_growth,1.819
2017,real_gdp_growth,2.457
2018,real_gdp_growth,2.966
2019,real_gdp_growth,2.583
2020,real_gdp_growth,-2.081
2021,real_gdp_growth,6.151
2022,real_gdp_growth,2.524
2023,real_gdp_growth,2.934
2024,real_gdp_growth,2.793
2025,real_gdp_growth,2.02
2026,real_gdp_growth,2.364
2027,real_gdp_growth,1.861
2028,real_gdp_growth,1.805
2029,real_gdp_growth,1.754
2030,real_gdp_growth,1.783
2031,real_gdp_growth,1.776
2032,real_gdp_growth,1.76
2033,real_gdp_growth,1.767
2034,real_gdp_growth,1.769
2035,real_gdp_growth,1.772
2036,real_gdp_growth,1.766
2037,real_gdp_growth,1.75
2038,real_gdp_growth,1.744
2039,real_gdp_growth,1.73
2040,real_gdp_growth,1.746
2041,real_gdp_growth,1.734
2042,real_gdp_growth,1.712
2043,real_gdp_growth,1.704
2044,real_gdp_growth,1.691
2045,real_gdp_growth,1.646
2046,real_gdp_growth,1.61
2047,real_gdp_growth,1.591
2048,real_gdp_growth,1.574
2049,real_gdp_growth,1.556
2050,real_gdp_growth,1.532
2051,real_gdp_growth,1.514
2052,real_gdp_growth,1.5
2053,real_gdp_growth,1.492
2054,real_gdp_growth,1.485
2055,real_gdp_growth,1.483
2056,real_gdp_growth,1.484
1996,real_gdp_per_hour_growth,1.987
1997,real_gdp_per_hour_growth,1.769
1998,real_gdp_per_hour_growth,2.35
1999,real_gdp_per_hour_growth,2.974
2000,real_gdp_per_hour_growth,2.595
2001,real_gdp_per_hour_growth,2.107
2002,real_gdp_per_hour_growth,3.105
2003,real_gdp_per_hour_growth,3.281
2004,real_gdp_per_hour_growth,2.685
2005,real_gdp_per_hour_growth,1.984
2006,real_gdp_per_hour_growth,0.793
2007,real_gdp_per_hour_growth,1.238
2008,real_gdp_per_hour_growth,1.328
2009,real_gdp_per_hour_growth,3.441
2010,real_gdp_per_hour_growth,2.593
2011,real_gdp_per_hour_growth,0.064
2012,real_gdp_per_hour_growth,0.432
2013,real_gdp_per_hour_growth,0.758
2014,real_gdp_per_hour_growth,0.565
2015,real_gdp_per_hour_growth,0.798
2016,real_gdp_per_hour_growth,0.601
2017,real_gdp_per_hour_growth,1.275
2018,real_gdp_per_hour_growth,1.072
2019,real_gdp_per_hour_growth,1.517
2020,real_gdp_per_hour_growth,4.738
2021,real_gdp_per_hour_growth,1.73
2022,real_gdp_per_hour_growth,-0.6
2023,real_gdp_per_hour_growth,1.59
2024,real_gdp_per_hour_growth,2.111
2025,real_gdp_per_hour_growth,1.155
2026,real_gdp_per_hour_growth,1.94
2027,real_gdp_per_hour_growth,1.466
2028,real_gdp_per_hour_growth,1.282
2029,real_gdp_per_hour_growth,1.076
2030,real_gdp_per_hour_growth,1.079
2031,real_gdp_per_hour_growth,1.208
2032,real_gdp_per_hour_growth,1.278
2033,real_gdp_per_hour_growth,1.333
2034,real_gdp_per_hour_growth,1.374
2035,real_gdp_per_hour_growth,1.398
2036,real_gdp_per_hour_growth,1.409
2037,real_gdp_per_hour_growth,1.418
2038,real_gdp_per_hour_growth,1.413
2039,real_gdp_per_hour_growth,1.401
2040,real_gdp_per_hour_growth,1.443
2041,real_gdp_per_hour_growth,1.451
2042,real_gdp_per_hour_growth,1.441
2043,real_gdp_per_hour_growth,1.447
2044,real_gdp_per_hour_growth,1.455
2045,real_gdp_per_hour_growth,1.434
2046,real_gdp_per_hour_growth,1.416
2047,real_gdp_per_hour_growth,1.409
2048,real_gdp_per_hour_growth,1.402
2049,real_gdp_per_hour_growth,1.401
2050,real_gdp_per_hour_growth,1.397
2051,real_gdp_per_hour_growth,1.398
2052,real_gdp_per_hour_growth,1.398
2053,real_gdp_per_hour_growth,1.398
2054,real_gdp_per_hour_growth,1.399
2055,real_gdp_per_hour_growth,1.404
2056,real_gdp_per_hour_growth,1.409
1996,real_gdp_per_person_growth,2.569
1997,real_gdp_per_person_growth,3.205
1998,real_gdp_per_person_growth,3.273
1999,real_gdp_per_person_growth,3.598
2000,real_gdp_per_person_growth,2.945
2001,real_gdp_per_person_growth,-0.045
2002,real_gdp_per_person_growth,0.736
2003,real_gdp_per_person_growth,1.85
2004,real_gdp_per_person_growth,2.914
2005,real_gdp_per_person_growth,2.528
2006,real_gdp_per_person_growth,1.812
2007,real_gdp_per_person_growth,1.03
2008,real_gdp_per_person_growth,-0.822
2009,real_gdp_per_person_growth,-3.431
2010,real_gdp_per_person_growth,1.834
2011,real_gdp_per_person_growth,0.765
2012,real_gdp_per_person_growth,1.499
2013,real_gdp_per_person_growth,1.353
2014,real_gdp_per_person_growth,1.721
2015,real_gdp_per_person_growth,2.142
2016,real_gdp_per_person_growth,1.036
2017,real_gdp_per_person_growth,1.752
2018,real_gdp_per_person_growth,2.36
2019,real_gdp_per_person_growth,2.05
2020,real_gdp_per_person_growth,-2.472
2021,real_gdp_per_person_growth,5.939
2022,real_gdp_per_person_growth,1.951
2023,real_gdp_per_person_growth,2.089
2024,real_gdp_per_person_growth,1.865
2025,real_gdp_per_person_growth,1.413
2026,real_gdp_per_person_growth,2.015
2027,real_gdp_per_person_growth,1.606
2028,real_gdp_per_person_growth,1.538
2029,real_gdp_per_person_growth,1.474
2030,real_gdp_per_person_growth,1.489
2031,real_gdp_per_person_growth,1.48
2032,real_gdp_per_person_growth,1.481
2033,real_gdp_per_person_growth,1.51
2034,real_gdp_per_person_growth,1.529
2035,real_gdp_per_person_growth,1.545
2036,real_gdp_per_person_growth,1.546
2037,real_gdp_per_person_growth,1.539
2038,real_gdp_per_person_growth,1.548
2039,real_gdp_per_person_growth,1.55
2040,real_gdp_per_person_growth,1.582
2041,real_gdp_per_person_growth,1.586
2042,real_gdp_per_person_growth,1.58
2043,real_gdp_per_person_growth,1.587
2044,real_gdp_per_person_growth,1.588
2045,real_gdp_per_person_growth,1.558
2046,real_gdp_per_person_growth,1.535
2047,real_gdp_per_person_growth,1.528
2048,real_gdp_per_person_growth,1.522
2049,real_gdp_per_person_growth,1.515
2050,real_gdp_per_person_growth,1.5
2051,real_gdp_per_person_growth,1.49
2052,real_gdp_per_person_growth,1.483
2053,real_gdp_per_person_growth,1.481
2054,real_gdp_per_person_growth,1.478
2055,real_gdp_per_person_growth,1.479
2056,real_gdp_per_person_growth,1.483
1996,real_potential_gdp_growth,3.138
1997,real_potential_gdp_growth,3.702
1998,real_potential_gdp_growth,4.124
1999,real_potential_gdp_growth,4.306
2000,real_potential_gdp_growth,4.211
2001,real_potential_gdp_growth,3.536
2002,real_potential_gdp_growth,2.693
2003,real_potential_gdp_growth,2.381
2004,real_potential_gdp_growth,2.502
2005,real_potential_gdp_growth,2.556
2006,real_potential_gdp_growth,2.345
2007,real_potential_gdp_growth,2.097
2008,real_potential_gdp_growth,1.958
2009,real_potential_gdp_growth,1.532
2010,real_potential_gdp_growth,1.293
2011,real_potential_gdp_growth,1.467
2012,real_potential_gdp_growth,1.652
2013,real_potential_gdp_growth,1.785
2014,real_potential_gdp_growth,1.894
2015,real_potential_gdp_growth,2.009
2016,real_potential_gdp_growth,2.055
2017,real_potential_gdp_growth,2.016
2018,real_potential_gdp_growth,2.041
2019,real_potential_gdp_growth,2.109
2020,real_potential_gdp_growth,1.99
2021,real_potential_gdp_growth,1.954
2022,real_potential_gdp_growth,2.325
2023,real_potential_gdp_growth,2.623
2024,real_potential_gdp_growth,2.664
2025,real_potential_gdp_growth,2.438
2026,real_potential_gdp_growth,2.215
2027,real_potential_gdp_growth,2.149
2028,real_potential_gdp_growth,2.101
2029,real_potential_gdp_growth,2.039
2030,real_potential_gdp_growth,2.02
2031,real_potential_gdp_growth,1.972
2032,real_potential_gdp_growth,1.902
2033,real_potential_gdp_growth,1.852
2034,real_potential_gdp_growth,1.816
2035,real_potential_gdp_growth,1.784
2036,real_potential_gdp_growth,1.767
2037,real_potential_gdp_growth,1.75
2038,real_potential_gdp_growth,1.744
2039,real_potential_gdp_growth,1.73
2040,real_potential_gdp_growth,1.746
2041,real_potential_gdp_growth,1.734
2042,real_potential_gdp_growth,1.712
2043,real_potential_gdp_growth,1.704
2044,real_potential_gdp_growth,1.691
2045,real_potential_gdp_growth,1.646
2046,real_potential_gdp_growth,1.61
2047,real_potential_gdp_growth,1.591
2048,real_potential_gdp_growth,1.574
2049,real_potential_gdp_growth,1.556
2050,real_potential_gdp_growth,1.532
2051,real_potential_gdp_growth,1.514
2052,real_potential_gdp_growth,1.5
2053,real_potential_gdp_growth,1.492
2054,real_potential_gdp_growth,1.485
2055,real_potential_gdp_growth,1.483
2056,real_potential_gdp_growth,1.484
1996,tfp_growth,1.471
1997,tfp_growth,1.361
1998,tfp_growth,2.228
1999,tfp_growth,2.566
2000,tfp_growth,1.454
2001,tfp_growth,0.269
2002,tfp_growth,2.428
2003,tfp_growth,2.749
2004,tfp_growth,2.594
2005,tfp_growth,1.8
2006,tfp_growth,0.701
2007,tfp_growth,0.66
2008,tfp_growth,-0.524
2009,tfp_growth,0.837
2010,tfp_growth,2.886
2011,tfp_growth,0.087
2012,tfp_growth,0.958
2013,tfp_growth,0.434
2014,tfp_growth,0.905
2015,tfp_growth,1.089
2016,tfp_growth,0.157
2017,tfp_growth,1.107
2018,tfp_growth,1.116
2019,tfp_growth,1.414
2020,tfp_growth,1.739
2021,tfp_growth,3.175
2022,tfp_growth,-1.071
2023,tfp_growth,1.511
2024,tfp_growth,1.877
2025,tfp_growth,0.607
2026,tfp_growth,0.805
2027,tfp_growth,0.838
2028,tfp_growth,0.947
2029,tfp_growth,1.021
2030,tfp_growth,1.1
2031,tfp_growth,1.127
2032,tfp_growth,1.137
2033,tfp_growth,1.132
2034,tfp_growth,1.127
2035,tfp_growth,1.122
2036,tfp_growth,1.113
2037,tfp_growth,1.106
2038,tfp_growth,1.116
2039,tfp_growth,1.115
2040,tfp_growth,1.161
2041,tfp_growth,1.166
2042,tfp_growth,1.157
2043,tfp_growth,1.165
2044,tfp_growth,1.169
2045,tfp_growth,1.134
2046,tfp_growth,1.109
2047,tfp_growth,1.109
2048,tfp_growth,1.107
2049,tfp_growth,1.109
2050,tfp_growth,1.104
2051,tfp_growth,1.102
2052,tfp_growth,1.097
2053,tfp_growth,1.092
2054,tfp_growth,1.087
2055,tfp_growth,1.086
2056,tfp_growth,1.087
1996,total_hours_worked_growth,1.75
1997,total_hours_worked_growth,2.63
1998,total_hours_worked_growth,2.083
1999,total_hours_worked_growth,1.761
2000,total_hours_worked_growth,1.444
2001,total_hours_worked_growth,-1.128
2002,total_hours_worked_growth,-1.362
2003,total_hours_worked_growth,-0.47
2004,total_hours_worked_growth,1.131
2005,total_hours_worked_growth,1.469
2006,total_hours_worked_growth,1.975
2007,total_hours_worked_growth,0.756
2008,total_hours_worked_growth,-1.198
2009,total_hours_worked_growth,-5.817
2010,total_hours_worked_growth,0.098
2011,total_hours_worked_growth,1.499
2012,total_hours_worked_growth,1.848
2013,total_hours_worked_growth,1.348
2014,total_hours_worked_growth,1.947
2015,total_hours_worked_growth,2.13
2016,total_hours_worked_growth,1.21
2017,total_hours_worked_growth,1.166
2018,total_hours_worked_growth,1.874
2019,total_hours_worked_growth,1.05
2020,total_hours_worked_growth,-6.511
2021,total_hours_worked_growth,4.346
2022,total_hours_worked_growth,3.143
2023,total_hours_worked_growth,1.323
2024,total_hours_worked_growth,0.667
2025,total_hours_worked_growth,0.855
2026,total_hours_worked_growth,0.415
2027,total_hours_worked_growth,0.388
2028,total_hours_worked_growth,0.515
2029,total_hours_worked_growth,0.67
2030,total_hours_worked_growth,0.696
2031,total_hours_worked_growth,0.56
2032,total_hours_worked_growth,0.474
2033,total_hours_worked_growth,0.428
2034,total_hours_worked_growth,0.388
2035,total_hours_worked_growth,0.368
2036,total_hours_worked_growth,0.351
2037,total_hours_worked_growth,0.326
2038,total_hours_worked_growth,0.327
2039,total_hours_worked_growth,0.324
2040,total_hours_worked_growth,0.299
2041,total_hours_worked_growth,0.279
2042,total_hours_worked_growth,0.267
2043,total_hours_worked_growth,0.252
2044,total_hours_worked_growth,0.232
2045,total_hours_worked_growth,0.209
2046,total_hours_worked_growth,0.191
2047,total_hours_worked_growth,0.18
2048,total_hours_worked_growth,0.169
2049,total_hours_worked_growth,0.153
2050,total_hours_worked_growth,0.132
2051,total_hours_worked_growth,0.114
2052,total_hours_worked_growth,0.1
2053,total_hours_worked_growth,0.092
2054,total_hours_worked_growth,0.085
2055,total_hours_worked_growth,0.077
2056,total_hours_worked_growth,0.073
1996,unemployment_rate,5.408
1997,unemployment_rate,4.941
1998,unemployment_rate,4.5
1999,unemployment_rate,4.216
2000,unemployment_rate,3.966
2001,unemployment_rate,4.741
2002,unemployment_rate,5.783
2003,unemployment_rate,5.991
2004,unemployment_rate,5.541
2005,unemployment_rate,5.083
2006,unemployment_rate,4.608
2007,unemployment_rate,4.616
2008,unemployment_rate,5.8
2009,unemployment_rate,9.283
2010,unemployment_rate,9.608
2011,unemployment_rate,8.933
2012,unemployment_rate,8.075
2013,unemployment_rate,7.358
2014,unemployment_rate,6.158
2015,unemployment_rate,5.275
2016,unemployment_rate,4.875
2017,unemployment_rate,4.358
2018,unemployment_rate,3.891
2019,unemployment_rate,3.675
2020,unemployment_rate,8.1
2021,unemployment_rate,5.358
2022,unemployment_rate,3.641
2023,unemployment_rate,3.633
2024,unemployment_rate,4.033
2025,unemployment_rate,4.274
2026,unemployment_rate,4.556
2027,unemployment_rate,4.535
2028,unemployment_rate,4.478
2029,unemployment_rate,4.387
2030,unemployment_rate,4.302
2031,unemployment_rate,4.276
2032,unemployment_rate,4.255
2033,unemployment_rate,4.235
2034,unemployment_rate,4.214
2035,unemployment_rate,4.193
2036,unemployment_rate,4.171
2037,unemployment_rate,4.151
2038,unemployment_rate,4.131
2039,unemployment_rate,4.112
2040,unemployment_rate,4.093
2041,unemployment_rate,4.074
2042,unemployment_rate,4.055
2043,unemployment_rate,4.037
2044,unemployment_rate,4.019
2045,unemployment_rate,4.002
2046,unemployment_rate,3.987
2047,unemployment_rate,3.973
2048,unemployment_rate,3.96
2049,unemployment_rate,3.947
2050,unemployment_rate,3.934
2051,unemployment_rate,3.922
2052,unemployment_rate,3.911
2053,unemployment_rate,3.901
2054,unemployment_rate,3.893
2055,unemployment_rate,3.885
2056,unemployment_rate,3.878
