quarter,plot_year,inflation_pct,real_growth_pct,short_rate_pct,long_rate_pct,debt_gdp_pct,no_fiscal_debt_gdp_pct,interest_gdp_pct,primary_balance_gdp_pct,primary_balance_adjustment_gdp_pct
2039Q3,2039.500000,4.889168,-1.000000,8.500000,9.000000,182.737869,182.823560,21.006587,-1.355741,0.342764
2039Q4,2039.750000,4.966876,-1.000000,8.250000,8.800000,186.113734,186.371849,19.469640,-1.021780,0.685527
2040Q1,2040.000000,5.044584,-1.000000,8.000000,8.600000,189.358106,189.876278,19.568562,-0.662382,1.028291
2040Q2,2040.250000,5.122292,-1.000000,7.750000,8.400000,192.462465,193.329081,19.633151,-0.302836,1.371054
2040Q3,2040.500000,5.200000,-1.000000,7.500000,8.200000,195.420047,196.724093,19.669781,0.056849,1.713818
2040Q4,2040.750000,5.112500,-0.625000,7.250000,7.950000,198.127110,199.957293,19.663179,0.362544,2.056582
2041Q1,2041.000000,5.025000,-0.250000,7.000000,7.700000,200.552621,202.997290,19.591426,0.724897,2.399345
2041Q2,2041.250000,4.937500,0.125000,6.750000,7.450000,202.682308,205.829163,19.462063,1.088231,2.742109
2041Q3,2041.500000,4.850000,0.500000,6.500000,7.200000,204.506282,208.442059,19.289304,1.452498,3.084873
2041Q4,2041.750000,4.762500,0.875000,6.250000,6.975000,206.038230,210.848394,19.063461,1.716864,3.427636
2042Q1,2042.000000,4.675000,1.250000,6.000000,6.750000,207.249570,213.018026,18.816532,2.084302,3.770400
2042Q2,2042.250000,4.587500,1.625000,5.750000,6.525000,208.129939,214.938740,18.514901,2.452573,4.113163
2042Q3,2042.500000,4.500000,2.000000,5.500000,6.300000,208.674074,216.603135,18.175510,2.821621,4.455927
2042Q4,2042.750000,4.437500,2.062500,5.412500,6.212500,209.039927,218.172414,17.814047,3.135897,4.798691
2043Q1,2043.000000,4.375000,2.125000,5.325000,6.125000,209.238342,219.657570,17.539345,3.504991,5.141454
2043Q2,2043.250000,4.312500,2.187500,5.237500,6.037500,209.266061,221.054835,17.240453,3.873673,5.484218
2043Q3,2043.500000,4.250000,2.250000,5.150000,5.950000,209.209441,222.364321,16.932854,3.899186,5.484218
2043Q4,2043.750000,4.187500,2.312500,5.062500,5.862500,209.084958,223.602079,16.606669,3.845699,5.484218
2044Q1,2044.000000,4.125000,2.375000,4.975000,5.775000,208.881297,224.756372,16.310218,3.871664,5.484218
2044Q2,2044.250000,4.062500,2.437500,4.887500,5.687500,208.595690,225.824009,15.997119,3.897221,5.484218
2044Q3,2044.500000,4.000000,2.500000,4.800000,5.600000,208.227312,226.803742,15.674959,3.922377,5.484218
2044Q4,2044.750000,3.937500,2.437500,4.781250,5.581250,207.852953,227.777672,15.337426,3.880339,5.484218
2045Q1,2045.000000,3.875000,2.375000,4.762500,5.562500,207.467949,228.742489,15.048019,3.904807,5.484218
2045Q2,2045.250000,3.812500,2.312500,4.743750,5.543750,207.068920,229.695546,14.744282,3.928429,5.484218
2045Q3,2045.500000,3.750000,2.250000,4.725000,5.525000,206.656299,230.638007,14.441332,3.951233,5.484218
2045Q4,2045.750000,3.687500,2.187500,4.706250,5.506250,206.241228,231.581744,14.123918,3.915056,5.484218
2046Q1,2046.000000,3.625000,2.125000,4.687500,5.487500,205.805826,232.509611,13.793843,3.937117,5.484218
2046Q2,2046.250000,3.562500,2.062500,4.668750,5.468750,205.346826,233.419074,13.449572,3.958404,5.484218
2046Q3,2046.500000,3.500000,2.000000,4.650000,5.450000,204.863772,234.310418,13.102279,3.978941,5.484218
2046Q4,2046.750000,3.468750,1.987500,4.631250,5.431250,204.367468,235.189067,12.886956,3.928428,5.484218
2047Q1,2047.000000,3.437500,1.975000,4.612500,5.412500,203.838026,236.035249,12.662873,3.949043,5.484218
2047Q2,2047.250000,3.406250,1.962500,4.593750,5.393750,203.276410,236.849925,12.440865,3.969223,5.484218
2047Q3,2047.500000,3.375000,1.950000,4.575000,5.375000,202.685829,237.636329,12.229997,3.988980,5.484218
2047Q4,2047.750000,3.343750,1.937500,4.556250,5.356250,202.083704,238.411946,12.025855,3.946838,5.484218
2048Q1,2048.000000,3.312500,1.925000,4.537500,5.337500,201.456596,239.163438,11.829703,3.966564,5.484218
2048Q2,2048.250000,3.281250,1.912500,4.518750,5.318750,200.805430,239.891865,11.636042,3.985877,5.484218
2048Q3,2048.500000,3.250000,1.900000,4.500000,5.300000,200.131982,240.599173,11.448361,4.004788,5.484218
2048Q4,2048.750000,3.218750,1.887500,4.493750,5.293750,199.458613,241.307960,11.272362,3.946534,5.484218
2049Q1,2049.000000,3.187500,1.875000,4.487500,5.287500,198.770436,242.003888,11.114690,3.965618,5.484218
2049Q2,2049.250000,3.156250,1.862500,4.481250,5.281250,198.068333,242.688173,10.959961,3.984305,5.484218
2049Q3,2049.500000,3.125000,1.850000,4.475000,5.275000,197.353504,243.362384,10.809511,4.002605,5.484218
2049Q4,2049.750000,3.093750,1.837500,4.468750,5.268750,196.653080,244.054052,10.712014,3.965385,5.484218
2050Q1,2050.000000,3.062500,1.825000,4.462500,5.262500,195.954757,244.751143,10.621988,3.983596,5.484218
2050Q2,2050.250000,3.031250,1.812500,4.456250,5.256250,195.259572,245.454985,10.536398,4.001431,5.484218
2050Q3,2050.500000,3.000000,1.800000,4.450000,5.250000,194.568228,246.166585,10.453956,4.018898,5.484218
2050Q4,2050.750000,2.979167,1.795833,4.443750,5.243750,193.890870,246.894101,10.375581,3.963919,5.484218
2051Q1,2051.000000,2.958333,1.791667,4.437500,5.237500,193.210627,247.621014,10.303399,3.981645,5.484218
2051Q2,2051.250000,2.937500,1.787500,4.431250,5.231250,192.528060,248.348144,10.233342,3.999074,5.484218
2051Q3,2051.500000,2.916667,1.783333,4.425000,5.225000,191.844018,249.076601,10.166606,4.016211,5.484218
2051Q4,2051.750000,2.895833,1.779167,4.418750,5.218750,191.179203,249.827350,10.102324,3.952754,5.484218
2052Q1,2052.000000,2.875000,1.775000,4.412500,5.212500,190.513557,250.580475,10.039960,3.970242,5.484218
2052Q2,2052.250000,2.854167,1.770833,4.406250,5.206250,189.846998,251.336027,9.977242,3.987439,5.484218
2052Q3,2052.500000,2.833333,1.766667,4.400000,5.200000,189.179380,252.094002,9.913927,4.004351,5.484218
2052Q4,2052.750000,2.812500,1.762500,4.393750,5.193750,188.520350,252.864184,9.850138,3.981942,5.484218
2053Q1,2053.000000,2.791667,1.758333,4.387500,5.187500,187.859959,253.636767,9.786453,3.998735,5.484218
2053Q2,2053.250000,2.770833,1.754167,4.381250,5.181250,187.198122,254.411806,9.722398,4.015250,5.484218
2053Q3,2053.500000,2.750000,1.750000,4.375000,5.175000,186.534900,255.189506,9.658552,4.031494,5.484218
2053Q4,2053.750000,2.729167,1.745833,4.368750,5.168750,185.888163,255.987872,9.594096,3.975390,5.484218
2054Q1,2054.000000,2.708333,1.741667,4.362500,5.162500,185.239529,256.788656,9.529739,3.991892,5.484218
2054Q2,2054.250000,2.687500,1.737500,4.356250,5.156250,184.588901,257.591901,9.464948,4.008124,5.484218
2054Q3,2054.500000,2.666667,1.733333,4.350000,5.150000,183.936388,258.397853,9.400541,4.024091,5.484218
2054Q4,2054.750000,2.645833,1.729167,4.343750,5.143750,183.298628,259.223294,9.336020,3.973163,5.484218
2055Q1,2055.000000,2.625000,1.725000,4.337500,5.137500,182.658861,260.051599,9.272476,3.989326,5.484218
2055Q2,2055.250000,2.604167,1.720833,4.331250,5.131250,182.016897,260.882721,9.208125,4.005225,5.484218
2055Q3,2055.500000,2.583333,1.716667,4.325000,5.125000,181.372812,261.716877,9.144024,4.020865,5.484218
2055Q4,2055.750000,2.562500,1.712500,4.318750,5.118750,180.739779,262.567386,9.079542,3.983221,5.484218
2056Q1,2056.000000,2.541667,1.708333,4.312500,5.112500,180.104190,263.420767,9.014723,3.998913,5.484218
2056Q2,2056.250000,2.520833,1.704167,4.306250,5.106250,179.465530,264.276641,8.947787,4.014351,5.484218
2056Q3,2056.500000,2.500000,1.700000,4.300000,5.100000,178.824065,265.135404,8.881830,4.029540,5.484218
