plot_year,baseline_debt_pct,immediate_adjustment_debt_pct,phased_adjustment_debt_pct
2026.875,99.6245299253854,98.95536523823809,99.58229773149576
2027.125,100.07205872909626,98.73385748061253,99.94537023367901
2027.375,100.5295140296016,98.5222665651564,100.27613913709462
2027.625,100.98164582480543,98.30551726626075,100.5593743446511
2027.875,101.49697476547632,98.151772375082,100.86354869832246
2028.125,102.01587382509803,98.00148563688641,101.12903638448552
2028.375,102.55712068513824,97.87267866201327,101.37443914232958
2028.625,103.12370843415279,97.7679147256148,101.60258476162343
2028.875,103.56390861565295,97.53629629501663,101.66189708356485
2029.125,104.00438850371809,97.3046039123981,101.67904792536397
2029.375,104.45373025833884,97.08085050020576,101.66239790527013
2029.625,104.89959808898138,96.85327838227879,101.59977010117866
2029.875,105.38122684964644,96.66143422797217,101.5305042945564
2030.125,105.86137279394099,96.46765537473723,101.41716832146888
2030.375,106.34824185490557,96.27953372795278,101.26764815444527
2030.625,106.8352948164359,96.09109050989528,101.07561918319936
2030.875,107.29903358059727,95.87843820484309,100.85957376666788
2031.125,107.76142845022507,95.66402921333359,100.64173009278015
2031.375,108.226210253853,95.451271665932,100.42563297098337
2031.625,108.69410993775001,95.2406508727088,100.21185188686363
2031.875,109.18024696213642,95.04744182209602,100.0155857992421
2032.125,109.66643352945691,94.85361724865828,99.81874027961706
2032.375,110.1522726863776,94.65886172974626,99.62096852005595
2032.625,110.63473678413438,94.46034459796367,99.41937573543133
2032.875,111.24100904461487,94.3856521389026,99.34142910189219
2033.125,111.84384673705607,94.30711450902749,99.25959838431379
2033.375,112.44427728800859,94.22568768878763,99.17486229561845
2033.625,113.04229073953125,94.14131602138602,99.0871786356873
2033.875,113.5839951988789,94.00007096396622,98.9426281383716
2034.125,114.12956114037247,93.86088482762068,98.80053226083062
2034.375,114.66822314623337,93.71481663071532,98.6514666235313
2034.625,115.20095511869108,93.56269881490091,98.49629433460716
2034.875,115.64370894942424,93.31990693573474,98.2505194521734
2035.125,116.0831183022299,93.07330748432466,98.00094712487221
2035.375,116.52025373941784,92.82373531288954,97.74845774820774
2035.625,116.95493535626886,92.57109209424786,97.49292874296839
2035.875,117.50302214987325,92.43138374681581,97.35033128223229
2036.125,118.0487862747917,92.28848550968239,97.2046156303013
2036.375,118.59116115939372,92.1415463708977,97.05488303079396
2036.625,119.13144103087099,91.991587458035,96.90220138599598
2036.875,119.70940642333909,91.87836412150553,96.78632453294999
2037.125,120.31064303908528,91.78152247650479,96.68794025459931
2037.375,120.90798430535936,91.68007962633807,96.58494406620412
2037.625,121.50187588695889,91.57438884227014,96.47770448604726
2037.875,122.11134195216806,91.48347584461888,96.3852450284292
2038.125,122.66764526025756,91.35100137716644,96.24924228832666
2038.375,123.22052990363808,91.21447031692372,96.10920716050677
2038.625,123.76946396648943,91.0734842488468,95.96471844649163
2038.875,124.3262812499939,90.9398775676161,95.82761046309312
2039.125,124.90637606586257,90.82175476626713,95.70705498094951
2039.375,125.48332109980365,90.699711201557,95.58259750954804
2039.625,126.05659415141857,90.57333587248029,95.45380947575805
2039.875,126.63353062400158,90.44996532629061,95.32802731456194
2040.125,127.20226229546978,90.31904223886976,95.19451702390282
2040.375,127.76581745415628,90.1827061656524,95.05553776120215
2040.625,128.32669867363106,90.0430752227336,94.91326416334938
2040.875,128.90125985157363,89.91650458266346,94.78405129527509
2041.125,129.4437884486441,89.76614641222831,94.62995325993752
2041.375,129.9848796689493,89.61343060296856,94.47356801079766
2041.625,130.52288558377273,89.45716135172181,94.31363659188897
2041.875,131.0878266907657,89.32736172015314,94.1801806360306
2042.125,131.72894016772233,89.24808769736798,94.10018125341028
2042.375,132.3672009681304,89.16515335634004,94.01651321976613
2042.625,133.00258269298448,89.07843323611127,93.92906295542593
2042.875,133.65147443870052,89.0043168116979,93.85421931686109
2043.125,134.2153924127499,88.87156500120659,93.71778312864669
2043.375,134.77439916366586,88.7338158459145,93.5763071814895
2043.625,135.3295080727209,88.59173236482162,93.43049645987841
2043.875,135.90498146236664,88.46957965344903,93.30461555337752
2044.125,136.55452969062978,88.3938358254988,93.2279181766023
2044.375,137.2029845774727,88.31540089405779,93.14861177611293
2044.625,137.8480622842841,88.23270903095853,93.06504866249249
2044.875,138.51108729453742,88.16708369606474,92.99855228430374
2045.125,139.1400704867071,88.07762529139464,92.90715870745737
2045.375,139.7626376700802,87.98200884877066,92.80950338630343
2045.625,140.38145853129686,87.88195035677907,92.70740500156779
2045.875,141.0156992310618,87.7966153829756,92.62002910948925
2046.125,141.67796826447298,87.72670919169636,92.54915970912522
2046.375,142.34038222828613,87.65495382437001,92.47655415785843
2046.625,142.9996197289116,87.57912989287992,92.39988021913956
2046.875,143.6792622942885,87.52281787600846,92.34271836111554
2047.125,144.36945535124403,87.47070092599928,92.29024285321346
2047.375,145.0538657881904,87.41274335292475,92.23185672552228
2047.625,145.7350382752568,87.35056854528895,92.16926938862385
2047.875,146.4338938012222,87.30509864783045,92.12340000653349
2048.125,147.09592688040095,87.23531032179325,92.05212425349711
2048.375,147.75636314111838,87.16242053481844,91.97782002624079
2048.625,148.413232998909,87.08516160380874,91.8991528230896
2048.875,149.0930018257007,87.0299992336519,91.84258697691715
2049.125,149.82359032111566,87.00223023939161,91.8151724763539
2049.375,150.54921773147464,86.96913041958169,91.78236739122073
2049.625,151.27178150931258,86.93187447245,91.74540964581712
2049.875,152.01071469207935,86.90989452780936,91.72373065793997
2050.125,152.72274809993652,86.87009481144554,91.68348167681646
2050.375,153.4332578905127,86.82726002224358,91.64024430706606
2050.625,154.140868562569,86.78055427463418,91.59313619952987
2050.875,154.87125589010662,86.75565260096018,91.56783193151234
2051.125,155.648221458978,86.75461070858177,91.5679234108337
2051.375,156.42311013361638,86.75011993428447,91.56457786783601
2051.625,157.1954259619238,86.74180251483008,91.5574077472584
2051.875,157.9940096900604,86.75849737420364,91.57525196519221
2052.125,158.73482269895175,86.74091476152543,91.55714719197705
2052.375,159.4712543650402,86.71847296294803,91.53414563904903
2052.625,160.2041659604006,86.69156077506419,91.50667307555679
2052.875,160.94761863868504,86.67423854327649,91.48878982738164
2053.125,161.7226036405996,86.67126974075028,91.48631121041332
2053.375,162.4949413081375,86.66420785488059,91.4797628925479
2053.625,163.2639194237955,86.65263800190375,91.46870742466417
2053.875,164.05582344289482,86.66284432741035,91.47942893533236
2054.125,164.85285464562952,86.67292640312036,91.49028216904534
2054.375,165.6468956784749,86.67859547050524,91.49673963868392
2054.625,166.4374925134481,86.6796159238888,91.4985497263626
2054.875,167.24932254956434,86.70066370768622,91.52038836085913
2055.125,168.0510269625558,86.7135137717317,91.53384287659874
2055.375,168.84750950807364,86.72063156361932,91.54151986150171
2055.625,169.64036129576158,86.72295229682955,91.54440046871257
2055.875,170.4494031582467,86.74029530279903,91.56230402235028
2056.125,171.2270851709447,86.73869729956887,91.5604845016842
2056.375,172.00270326883972,86.73322833007097,91.55484621075524
2056.625,172.77454837677658,86.72295204364146,91.54440030327599
